ID,PARENT_ID,URI,FILE_PATH,NAME,METHOD,STATUS,SIZE,TYPE,EXT,LAST_MODIFIED,EXTENSION_MISMATCH,MD5_HASH,FORMAT_COUNT,PUID,MIME_TYPE,FORMAT_NAME,FORMAT_VERSION
2,,file:/Users/Jane/Documents/UIUC/452/final-project/marijuanachallenge/,/Users/Jane/Documents/UIUC/452/final-project/marijuanachallenge,marijuanachallenge,,Done,,Folder,,2017-11-30T23:56:58,FALSE,,,,,,
26,2,file:/Users/Jane/Documents/UIUC/452/final-project/marijuanachallenge/%24I30,/Users/Jane/Documents/UIUC/452/final-project/marijuanachallenge/$I30,$I30,,Done,45056,File,,2010-03-08T14:40:24,FALSE,e233c1d6508920c37a032daa2ca8d062,0,,,,
6,2,file:/Users/Jane/Documents/UIUC/452/final-project/marijuanachallenge/.DS_Store,/Users/Jane/Documents/UIUC/452/final-project/marijuanachallenge/.DS_Store,.DS_Store,Signature,Done,8196,File,,2017-11-30T23:57:03,TRUE,f0e56987188e94dd4cfa44f1983fdef6,1,fmt/394,,DS_store file (MAC),
64,2,file:/Users/Jane/Documents/UIUC/452/final-project/marijuanachallenge/Assented%20to%20Motion%20to%20Enlarge%20Time.doc,/Users/Jane/Documents/UIUC/452/final-project/marijuanachallenge/Assented to Motion to Enlarge Time.doc,Assented to Motion to Enlarge Time.doc,Container,Done,28672,File,doc,2008-10-02T08:47:04,FALSE,aeb74356f6d8c4e1902389fb1d3f62e2,1,fmt/40,application/msword,Microsoft Word Document,97-2003
73,2,file:/Users/Jane/Documents/UIUC/452/final-project/marijuanachallenge/BRIEF-final.doc,/Users/Jane/Documents/UIUC/452/final-project/marijuanachallenge/BRIEF-final.doc,BRIEF-final.doc,Container,Done,166912,File,doc,2008-11-07T18:23:12,FALSE,3e51622e5d2ba8d1dec1888e2026353f,1,fmt/40,application/msword,Microsoft Word Document,97-2003
71,2,file:/Users/Jane/Documents/UIUC/452/final-project/marijuanachallenge/Cover%20Letter%20and%20signed%20Motion%20to%20Extend.txt,/Users/Jane/Documents/UIUC/452/final-project/marijuanachallenge/Cover Letter and signed Motion to Extend.txt,Cover Letter and signed Motion to Extend.txt,Extension,Done,0,File,txt,2008-10-01T14:47:06,FALSE,d41d8cd98f00b204e9800998ecf8427e,1,x-fmt/111,text/plain,Plain Text File,
81,2,file:/Users/Jane/Documents/UIUC/452/final-project/marijuanachallenge/DeathofDeathFinalDraft.doc,/Users/Jane/Documents/UIUC/452/final-project/marijuanachallenge/DeathofDeathFinalDraft.doc,DeathofDeathFinalDraft.doc,Container,Done,189440,File,doc,2008-08-15T12:12:42,FALSE,ed584e360dff13b73d4aec493a9f5c16,1,fmt/40,application/msword,Microsoft Word Document,97-2003
83,2,file:/Users/Jane/Documents/UIUC/452/final-project/marijuanachallenge/District%20Courts%20and%20Boston%20Municipal%20Court.doc,/Users/Jane/Documents/UIUC/452/final-project/marijuanachallenge/District Courts and Boston Municipal Court.doc,District Courts and Boston Municipal Court.doc,Container,Done,128000,File,doc,2007-12-03T08:27:42,FALSE,d53e823dd1b9853795a47a803d3c7699,1,fmt/40,application/msword,Microsoft Word Document,97-2003
78,2,file:/Users/Jane/Documents/UIUC/452/final-project/marijuanachallenge/FINAL%20MOTIONS/,/Users/Jane/Documents/UIUC/452/final-project/marijuanachallenge/FINAL MOTIONS,FINAL MOTIONS,,Done,,Folder,,2017-11-02T15:59:10,FALSE,,,,,,
79,78,file:/Users/Jane/Documents/UIUC/452/final-project/marijuanachallenge/FINAL%20MOTIONS/%24I30,/Users/Jane/Documents/UIUC/452/final-project/marijuanachallenge/FINAL MOTIONS/$I30,$I30,,Done,8192,File,,2008-11-13T09:55:16,FALSE,fe8a974ddde32155ff4521cd942d7987,0,,,,
84,78,file:/Users/Jane/Documents/UIUC/452/final-project/marijuanachallenge/FINAL%20MOTIONS/Cusick08-1.transcript.doc,/Users/Jane/Documents/UIUC/452/final-project/marijuanachallenge/FINAL MOTIONS/Cusick08-1.transcript.doc,Cusick08-1.transcript.doc,Container,Done,108032,File,doc,2008-08-12T09:17:20,FALSE,a74fd3c6274005b1ad087a38bd405242,1,fmt/40,application/msword,Microsoft Word Document,97-2003
82,78,file:/Users/Jane/Documents/UIUC/452/final-project/marijuanachallenge/FINAL%20MOTIONS/DEFENDANTS%20REQUESTED%20%20JURY%20INSTRUCTIONS.doc,/Users/Jane/Documents/UIUC/452/final-project/marijuanachallenge/FINAL MOTIONS/DEFENDANTS REQUESTED  JURY INSTRUCTIONS.doc,DEFENDANTS REQUESTED  JURY INSTRUCTIONS.doc,Container,Done,34304,File,doc,2008-05-09T08:18:22,FALSE,02f775c6951d5131e037443563cc1ea5,1,fmt/40,application/msword,Microsoft Word Document,97-2003
85,78,file:/Users/Jane/Documents/UIUC/452/final-project/marijuanachallenge/FINAL%20MOTIONS/DEFENDANTSREQUESTEDJURYINSTRUCTIONS%28Eps%29%2B1.doc,/Users/Jane/Documents/UIUC/452/final-project/marijuanachallenge/FINAL MOTIONS/DEFENDANTSREQUESTEDJURYINSTRUCTIONS(Eps)+1.doc,DEFENDANTSREQUESTEDJURYINSTRUCTIONS(Eps)+1.doc,Container,Done,34816,File,doc,2008-05-09T10:53:24,FALSE,a1daac0382fa293ea1e846d22c34fe61,1,fmt/40,application/msword,Microsoft Word Document,97-2003
86,78,file:/Users/Jane/Documents/UIUC/452/final-project/marijuanachallenge/FINAL%20MOTIONS/DEFENDANTSREQUESTEDJURYINSTRUCTIONS%28Eps%29%2B3.doc,/Users/Jane/Documents/UIUC/452/final-project/marijuanachallenge/FINAL MOTIONS/DEFENDANTSREQUESTEDJURYINSTRUCTIONS(Eps)+3.doc,DEFENDANTSREQUESTEDJURYINSTRUCTIONS(Eps)+3.doc,Container,Done,34816,File,doc,2008-05-11T17:53:08,FALSE,e2fe31eb0fda2ea180255bb347e7b8d9,1,fmt/40,application/msword,Microsoft Word Document,97-2003
92,78,file:/Users/Jane/Documents/UIUC/452/final-project/marijuanachallenge/FINAL%20MOTIONS/MEMORANDUM%20IN%20SUPPORT%20OF%20JURY%20INSTRUCTION.doc,/Users/Jane/Documents/UIUC/452/final-project/marijuanachallenge/FINAL MOTIONS/MEMORANDUM IN SUPPORT OF JURY INSTRUCTION.doc,MEMORANDUM IN SUPPORT OF JURY INSTRUCTION.doc,Container,Done,57856,File,doc,2008-05-09T11:17:22,FALSE,db973c62b95b2fa2320426f194dd47da,1,fmt/40,application/msword,Microsoft Word Document,97-2003
89,78,file:/Users/Jane/Documents/UIUC/452/final-project/marijuanachallenge/FINAL%20MOTIONS/MEMORANDUMINSUPPORTOFJURYINSTRUCTION%28Eps%29%2B3.doc,/Users/Jane/Documents/UIUC/452/final-project/marijuanachallenge/FINAL MOTIONS/MEMORANDUMINSUPPORTOFJURYINSTRUCTION(Eps)+3.doc,MEMORANDUMINSUPPORTOFJURYINSTRUCTION(Eps)+3.doc,Container,Done,55296,File,doc,2008-05-09T13:07:52,FALSE,15101d9208e37c2889fab13f386f5547,1,fmt/40,application/msword,Microsoft Word Document,97-2003
91,78,file:/Users/Jane/Documents/UIUC/452/final-project/marijuanachallenge/FINAL%20MOTIONS/Mot.%20to%20Dismiss-as%20filed-1.pdf,/Users/Jane/Documents/UIUC/452/final-project/marijuanachallenge/FINAL MOTIONS/Mot. to Dismiss-as filed-1.pdf,Mot. to Dismiss-as filed-1.pdf,Signature,Done,341192,File,pdf,2008-09-30T15:17:46,FALSE,71cc9b89dbb5d8b841e740b2f0b7f1e5,1,fmt/18,application/pdf,Acrobat PDF 1.4 - Portable Document Format,1.4
87,78,file:/Users/Jane/Documents/UIUC/452/final-project/marijuanachallenge/FINAL%20MOTIONS/Mot.%20to%20Dismiss-as%20filed-1.txt,/Users/Jane/Documents/UIUC/452/final-project/marijuanachallenge/FINAL MOTIONS/Mot. to Dismiss-as filed-1.txt,Mot. to Dismiss-as filed-1.txt,Extension,Done,0,File,txt,2008-11-10T16:16:24,FALSE,d41d8cd98f00b204e9800998ecf8427e,1,x-fmt/111,text/plain,Plain Text File,
88,78,file:/Users/Jane/Documents/UIUC/452/final-project/marijuanachallenge/FINAL%20MOTIONS/hebert.doc,/Users/Jane/Documents/UIUC/452/final-project/marijuanachallenge/FINAL MOTIONS/hebert.doc,hebert.doc,Signature,Done,37830,File,doc,2008-05-31T14:40:30,TRUE,2a8b47fd57adadb1771e5c21a96c36ef,1,fmt/53,"application/rtf, text/rtf",Rich Text Format,1.8
90,78,file:/Users/Jane/Documents/UIUC/452/final-project/marijuanachallenge/FINAL%20MOTIONS/leno.doc,/Users/Jane/Documents/UIUC/452/final-project/marijuanachallenge/FINAL MOTIONS/leno.doc,leno.doc,Signature,Done,63546,File,doc,2008-05-15T12:58:24,TRUE,98f485afb3933a31c4f8c17a6620d82a,1,fmt/53,"application/rtf, text/rtf",Rich Text Format,1.8
99,78,file:/Users/Jane/Documents/UIUC/452/final-project/marijuanachallenge/FINAL%20MOTIONS/new%20hampshire.doc,/Users/Jane/Documents/UIUC/452/final-project/marijuanachallenge/FINAL MOTIONS/new hampshire.doc,new hampshire.doc,Signature,Done,309297,File,doc,2008-06-21T14:43:30,TRUE,8bbf287aa1720b5fb1499804123b793c,1,fmt/53,"application/rtf, text/rtf",Rich Text Format,1.8
104,78,file:/Users/Jane/Documents/UIUC/452/final-project/marijuanachallenge/FINAL%20MOTIONS/sparf%20with%20dissent.doc,/Users/Jane/Documents/UIUC/452/final-project/marijuanachallenge/FINAL MOTIONS/sparf with dissent.doc,sparf with dissent.doc,Signature,Done,635839,File,doc,2008-06-08T16:43:14,TRUE,91fc821ec3b37c5911d799aec136f054,1,fmt/53,"application/rtf, text/rtf",Rich Text Format,1.8
94,78,file:/Users/Jane/Documents/UIUC/452/final-project/marijuanachallenge/FINAL%20MOTIONS/sparf.gaudin%20cite,/Users/Jane/Documents/UIUC/452/final-project/marijuanachallenge/FINAL MOTIONS/sparf.gaudin cite,sparf.gaudin cite,Signature,Done,71479,File,gaudin cite,2008-06-08T11:20:02,TRUE,96158dcfc35b85160770f8b2af4be202,1,fmt/45,"application/rtf, text/rtf",Rich Text Format,1.0-1.4
132,78,file:/Users/Jane/Documents/UIUC/452/final-project/marijuanachallenge/FINAL%20MOTIONS/sparf.honda%20cite.doc,/Users/Jane/Documents/UIUC/452/final-project/marijuanachallenge/FINAL MOTIONS/sparf.honda cite.doc,sparf.honda cite.doc,Signature,Done,274400,File,doc,2008-06-08T11:34:16,TRUE,c4b6462edd2230f8c8ab736fa2e1898f,1,fmt/53,"application/rtf, text/rtf",Rich Text Format,1.8
96,78,file:/Users/Jane/Documents/UIUC/452/final-project/marijuanachallenge/FINAL%20MOTIONS/%7E%24FENDANTS%20REQUESTED%20%20JURY%20INSTRUCTIONS.doc,/Users/Jane/Documents/UIUC/452/final-project/marijuanachallenge/FINAL MOTIONS/~$FENDANTS REQUESTED  JURY INSTRUCTIONS.doc,~$FENDANTS REQUESTED  JURY INSTRUCTIONS.doc,Signature,Done,162,File,doc,2008-05-31T14:26:38,FALSE,aae0f80074a030d1618a51ff66518a7f,1,fmt/473,,Microsoft Office Owner File,
97,78,file:/Users/Jane/Documents/UIUC/452/final-project/marijuanachallenge/FINAL%20MOTIONS/%7E%24FENDANTSREQUESTEDJURYINSTRUCTIONS%28Eps%29%2B3.doc,/Users/Jane/Documents/UIUC/452/final-project/marijuanachallenge/FINAL MOTIONS/~$FENDANTSREQUESTEDJURYINSTRUCTIONS(Eps)+3.doc,~$FENDANTSREQUESTEDJURYINSTRUCTIONS(Eps)+3.doc,Signature,Done,162,File,doc,2008-05-09T13:04:26,FALSE,59bba8649025f8b5e66041a566525d24,1,fmt/473,,Microsoft Office Owner File,
101,78,file:/Users/Jane/Documents/UIUC/452/final-project/marijuanachallenge/FINAL%20MOTIONS/%7E%24MORANDUM%20IN%20SUPPORT%20OF%20JURY%20INSTRUCTION.doc,/Users/Jane/Documents/UIUC/452/final-project/marijuanachallenge/FINAL MOTIONS/~$MORANDUM IN SUPPORT OF JURY INSTRUCTION.doc,~$MORANDUM IN SUPPORT OF JURY INSTRUCTION.doc,Signature,Done,162,File,doc,2008-05-31T14:47:34,FALSE,aae0f80074a030d1618a51ff66518a7f,1,fmt/473,,Microsoft Office Owner File,
102,78,file:/Users/Jane/Documents/UIUC/452/final-project/marijuanachallenge/FINAL%20MOTIONS/%7E%24MORANDUMINSUPPORTOFJURYINSTRUCTION%28Eps%29%2B3.doc,/Users/Jane/Documents/UIUC/452/final-project/marijuanachallenge/FINAL MOTIONS/~$MORANDUMINSUPPORTOFJURYINSTRUCTION(Eps)+3.doc,~$MORANDUMINSUPPORTOFJURYINSTRUCTION(Eps)+3.doc,Signature,Done,162,File,doc,2008-05-09T13:07:52,FALSE,59bba8649025f8b5e66041a566525d24,1,fmt/473,,Microsoft Office Owner File,
93,78,file:/Users/Jane/Documents/UIUC/452/final-project/marijuanachallenge/FINAL%20MOTIONS/%7E%24arf%20with%20dissent.doc,/Users/Jane/Documents/UIUC/452/final-project/marijuanachallenge/FINAL MOTIONS/~$arf with dissent.doc,~$arf with dissent.doc,Signature,Done,162,File,doc,2008-06-08T12:40:30,FALSE,aae0f80074a030d1618a51ff66518a7f,1,fmt/473,,Microsoft Office Owner File,
95,78,file:/Users/Jane/Documents/UIUC/452/final-project/marijuanachallenge/FINAL%20MOTIONS/%7E%24arf.honda%20cite.doc,/Users/Jane/Documents/UIUC/452/final-project/marijuanachallenge/FINAL MOTIONS/~$arf.honda cite.doc,~$arf.honda cite.doc,Signature,Done,162,File,doc,2008-06-08T11:33:30,FALSE,aae0f80074a030d1618a51ff66518a7f,1,fmt/473,,Microsoft Office Owner File,
98,78,file:/Users/Jane/Documents/UIUC/452/final-project/marijuanachallenge/FINAL%20MOTIONS/%7E%24hebert.doc,/Users/Jane/Documents/UIUC/452/final-project/marijuanachallenge/FINAL MOTIONS/~$hebert.doc,~$hebert.doc,Signature,Done,162,File,doc,2008-05-15T12:44:06,FALSE,4b63e4e1078c375ea8f21ae72fdb99bc,1,fmt/473,,Microsoft Office Owner File,
100,78,file:/Users/Jane/Documents/UIUC/452/final-project/marijuanachallenge/FINAL%20MOTIONS/%7E%24leno.doc,/Users/Jane/Documents/UIUC/452/final-project/marijuanachallenge/FINAL MOTIONS/~$leno.doc,~$leno.doc,Signature,Done,162,File,doc,2008-05-13T06:01:10,FALSE,59bba8649025f8b5e66041a566525d24,1,fmt/473,,Microsoft Office Owner File,
103,78,file:/Users/Jane/Documents/UIUC/452/final-project/marijuanachallenge/FINAL%20MOTIONS/%7E%24w%20hampshire.doc,/Users/Jane/Documents/UIUC/452/final-project/marijuanachallenge/FINAL MOTIONS/~$w hampshire.doc,~$w hampshire.doc,Signature,Done,162,File,doc,2008-06-21T14:32:32,FALSE,f8e541a1d96348ce46a225f14fac1708,1,fmt/473,,Microsoft Office Owner File,
105,78,file:/Users/Jane/Documents/UIUC/452/final-project/marijuanachallenge/FINAL%20MOTIONS/%7EWRL2452.tmp,/Users/Jane/Documents/UIUC/452/final-project/marijuanachallenge/FINAL MOTIONS/~WRL2452.tmp,~WRL2452.tmp,Container,Done,34816,File,tmp,2008-05-09T13:04:26,TRUE,8f9d849490f27ea9f80f79f5fc3c2f6d,1,fmt/40,application/msword,Microsoft Word Document,97-2003
109,2,file:/Users/Jane/Documents/UIUC/452/final-project/marijuanachallenge/Grinspoon.medicalAFFADAVIT.doc,/Users/Jane/Documents/UIUC/452/final-project/marijuanachallenge/Grinspoon.medicalAFFADAVIT.doc,Grinspoon.medicalAFFADAVIT.doc,Container,Done,47616,File,doc,2008-09-30T17:35:08,FALSE,f8e360aaecb31519009f84ed408fff68,1,fmt/40,application/msword,Microsoft Word Document,97-2003
108,2,file:/Users/Jane/Documents/UIUC/452/final-project/marijuanachallenge/JohnJayInstructions.doc,/Users/Jane/Documents/UIUC/452/final-project/marijuanachallenge/JohnJayInstructions.doc,JohnJayInstructions.doc,Container,Done,27648,File,doc,2008-04-23T08:14:32,FALSE,69af9d353c9f535f62e7e288437f7ee5,1,fmt/40,application/msword,Microsoft Word Document,97-2003
115,2,file:/Users/Jane/Documents/UIUC/452/final-project/marijuanachallenge/Juries%20as%20Judges.pdf,/Users/Jane/Documents/UIUC/452/final-project/marijuanachallenge/Juries as Judges.pdf,Juries as Judges.pdf,Signature,Done,1023485,File,pdf,2008-05-09T11:47:04,FALSE,16e01f3032223c539ed765a3c9a0494e,1,fmt/18,application/pdf,Acrobat PDF 1.4 - Portable Document Format,1.4
112,2,file:/Users/Jane/Documents/UIUC/452/final-project/marijuanachallenge/Notes.doc,/Users/Jane/Documents/UIUC/452/final-project/marijuanachallenge/Notes.doc,Notes.doc,Container,Done,29696,File,doc,2008-03-06T07:38:58,FALSE,dc5653d9c6884a4ebe9b619b1391f554,1,fmt/40,application/msword,Microsoft Word Document,97-2003
116,2,file:/Users/Jane/Documents/UIUC/452/final-project/marijuanachallenge/Press%20Release%201.doc,/Users/Jane/Documents/UIUC/452/final-project/marijuanachallenge/Press Release 1.doc,Press Release 1.doc,Container,Done,26624,File,doc,2006-09-07T15:40:46,FALSE,0fab9d17ccdad81412235fd268adeea8,1,fmt/40,application/msword,Microsoft Word Document,97-2003
117,2,file:/Users/Jane/Documents/UIUC/452/final-project/marijuanachallenge/Question%20Presented.doc,/Users/Jane/Documents/UIUC/452/final-project/marijuanachallenge/Question Presented.doc,Question Presented.doc,Container,Done,24064,File,doc,2008-05-04T10:14:22,FALSE,2c3aa8d33ed61f6f3abbed1ea43d24f1,1,fmt/40,application/msword,Microsoft Word Document,97-2003
118,2,file:/Users/Jane/Documents/UIUC/452/final-project/marijuanachallenge/Request%20for%20Prelimiinary%20Jury%20Instructions.1.0.doc,/Users/Jane/Documents/UIUC/452/final-project/marijuanachallenge/Request for Prelimiinary Jury Instructions.1.0.doc,Request for Prelimiinary Jury Instructions.1.0.doc,Container,Done,38400,File,doc,2008-03-05T15:12:14,FALSE,9c91ec56ee9ab1051fbd23776f040888,1,fmt/40,application/msword,Microsoft Word Document,97-2003
119,2,file:/Users/Jane/Documents/UIUC/452/final-project/marijuanachallenge/Rule%2020%20-jury%20selection.doc,/Users/Jane/Documents/UIUC/452/final-project/marijuanachallenge/Rule 20 -jury selection.doc,Rule 20 -jury selection.doc,Container,Done,31744,File,doc,2008-04-29T06:10:32,FALSE,1d976a5cf4c66b6ccefad45a892f6b01,1,fmt/40,application/msword,Microsoft Word Document,97-2003
123,2,file:/Users/Jane/Documents/UIUC/452/final-project/marijuanachallenge/STATEMENT%20OF%20ISSUES.doc,/Users/Jane/Documents/UIUC/452/final-project/marijuanachallenge/STATEMENT OF ISSUES.doc,STATEMENT OF ISSUES.doc,Container,Done,75776,File,doc,2010-03-08T14:40:20,FALSE,c8d70b2d9382f1c039237ea9efa96f4d,1,fmt/40,application/msword,Microsoft Word Document,97-2003
126,2,file:/Users/Jane/Documents/UIUC/452/final-project/marijuanachallenge/Testimony.doc,/Users/Jane/Documents/UIUC/452/final-project/marijuanachallenge/Testimony.doc,Testimony.doc,Container,Done,24064,File,doc,2008-05-04T13:30:54,FALSE,e9e0d098873a69407c8dc4be571968a2,1,fmt/40,application/msword,Microsoft Word Document,97-2003
129,2,file:/Users/Jane/Documents/UIUC/452/final-project/marijuanachallenge/The%20Bill%20of%20Rights%20as%20a%20Constitution.txt,/Users/Jane/Documents/UIUC/452/final-project/marijuanachallenge/The Bill of Rights as a Constitution.txt,The Bill of Rights as a Constitution.txt,Extension,Done,50859,File,txt,2008-06-23T17:02:46,FALSE,473623a3697adb904bbf894723e1b16b,1,x-fmt/111,text/plain,Plain Text File,
11,2,file:/Users/Jane/Documents/UIUC/452/final-project/marijuanachallenge/adams.htm,/Users/Jane/Documents/UIUC/452/final-project/marijuanachallenge/adams.htm,adams.htm,Signature,Done,70717,File,htm,2007-11-25T12:07:44,FALSE,e3c4022fa029bafec35d391182e8c834,1,fmt/100,text/html,Hypertext Markup Language,4.01
3,2,file:/Users/Jane/Documents/UIUC/452/final-project/marijuanachallenge/adams_files/,/Users/Jane/Documents/UIUC/452/final-project/marijuanachallenge/adams_files,adams_files,,Done,,Folder,,2017-11-02T15:59:08,FALSE,,,,,,
4,3,file:/Users/Jane/Documents/UIUC/452/final-project/marijuanachallenge/adams_files/%24I30,/Users/Jane/Documents/UIUC/452/final-project/marijuanachallenge/adams_files/$I30,$I30,,Done,4096,File,,2007-11-25T12:07:44,FALSE,ad937b1d36156ab46750ce0f9edf51e2,0,,,,
5,3,file:/Users/Jane/Documents/UIUC/452/final-project/marijuanachallenge/adams_files/books.jpg,/Users/Jane/Documents/UIUC/452/final-project/marijuanachallenge/adams_files/books.jpg,books.jpg,Signature,Done,1193,File,jpg,2007-11-25T12:07:44,FALSE,eabee369b82c6d72d49971741da8ddec,1,fmt/43,image/jpeg,JPEG File Interchange Format,1.01
33,3,file:/Users/Jane/Documents/UIUC/452/final-project/marijuanachallenge/adams_files/books.png,/Users/Jane/Documents/UIUC/452/final-project/marijuanachallenge/adams_files/books.png,books.png,Signature,Done,20303,File,png,2007-11-25T12:07:44,FALSE,8de734b4eca33f790db39d38eb48181b,1,fmt/11,image/png,Portable Network Graphics,1
34,3,file:/Users/Jane/Documents/UIUC/452/final-project/marijuanachallenge/adams_files/books_002.png,/Users/Jane/Documents/UIUC/452/final-project/marijuanachallenge/adams_files/books_002.png,books_002.png,Signature,Done,53914,File,png,2007-11-25T12:07:44,FALSE,7a0603b7da51d4a1daafb4e86d6cbe95,1,fmt/11,image/png,Portable Network Graphics,1
7,3,file:/Users/Jane/Documents/UIUC/452/final-project/marijuanachallenge/adams_files/books_003.png,/Users/Jane/Documents/UIUC/452/final-project/marijuanachallenge/adams_files/books_003.png,books_003.png,Signature,Done,39525,File,png,2007-11-25T12:07:44,FALSE,e78bef46ce2ee0e71d4e932f25f7cd35,1,fmt/11,image/png,Portable Network Graphics,1
31,3,file:/Users/Jane/Documents/UIUC/452/final-project/marijuanachallenge/adams_files/books_004.png,/Users/Jane/Documents/UIUC/452/final-project/marijuanachallenge/adams_files/books_004.png,books_004.png,Signature,Done,55272,File,png,2007-11-25T12:07:44,FALSE,60f99b9030bac40067754eb287e1ce1e,1,fmt/11,image/png,Portable Network Graphics,1
32,3,file:/Users/Jane/Documents/UIUC/452/final-project/marijuanachallenge/adams_files/books_005.png,/Users/Jane/Documents/UIUC/452/final-project/marijuanachallenge/adams_files/books_005.png,books_005.png,Signature,Done,53011,File,png,2007-11-25T12:07:44,FALSE,6b6a74cb057f7532f5464554fdf5d76b,1,fmt/11,image/png,Portable Network Graphics,1
8,3,file:/Users/Jane/Documents/UIUC/452/final-project/marijuanachallenge/adams_files/cleardot.gif,/Users/Jane/Documents/UIUC/452/final-project/marijuanachallenge/adams_files/cleardot.gif,cleardot.gif,Signature,Done,43,File,gif,2007-11-25T12:07:44,FALSE,fc94fb0c3ed8a8f909dbc7630a0987ff,1,fmt/4,image/gif,Graphics Interchange Format,89a
9,3,file:/Users/Jane/Documents/UIUC/452/final-project/marijuanachallenge/adams_files/fullscreen.gif,/Users/Jane/Documents/UIUC/452/final-project/marijuanachallenge/adams_files/fullscreen.gif,fullscreen.gif,Signature,Done,97,File,gif,2007-11-25T12:07:44,FALSE,c64fd241e063dd65595e8c9c81ad10a5,1,fmt/4,image/gif,Graphics Interchange Format,89a
10,3,file:/Users/Jane/Documents/UIUC/452/final-project/marijuanachallenge/adams_files/google_booksearch.gif,/Users/Jane/Documents/UIUC/452/final-project/marijuanachallenge/adams_files/google_booksearch.gif,google_booksearch.gif,Signature,Done,1537,File,gif,2007-11-25T12:07:44,FALSE,d466b8159136eb758bf5ad55bf90086d,1,fmt/4,image/gif,Graphics Interchange Format,89a
12,3,file:/Users/Jane/Documents/UIUC/452/final-project/marijuanachallenge/adams_files/hand.gif,/Users/Jane/Documents/UIUC/452/final-project/marijuanachallenge/adams_files/hand.gif,hand.gif,Signature,Done,104,File,gif,2007-11-25T12:07:44,FALSE,38017ac536bf0ab49a56c9d78963aa28,1,fmt/4,image/gif,Graphics Interchange Format,89a
13,3,file:/Users/Jane/Documents/UIUC/452/final-project/marijuanachallenge/adams_files/minus_sm.gif,/Users/Jane/Documents/UIUC/452/final-project/marijuanachallenge/adams_files/minus_sm.gif,minus_sm.gif,Signature,Done,308,File,gif,2007-11-25T12:07:44,FALSE,df9a7fd7d1c3b3f0144150304c5c823c,1,fmt/4,image/gif,Graphics Interchange Format,89a
15,3,file:/Users/Jane/Documents/UIUC/452/final-project/marijuanachallenge/adams_files/onepage.gif,/Users/Jane/Documents/UIUC/452/final-project/marijuanachallenge/adams_files/onepage.gif,onepage.gif,Signature,Done,96,File,gif,2007-11-25T12:07:44,FALSE,f476809e6c3111de0c3380dee1c02d62,1,fmt/4,image/gif,Graphics Interchange Format,89a
14,3,file:/Users/Jane/Documents/UIUC/452/final-project/marijuanachallenge/adams_files/page_nav_next.gif,/Users/Jane/Documents/UIUC/452/final-project/marijuanachallenge/adams_files/page_nav_next.gif,page_nav_next.gif,Signature,Done,1089,File,gif,2007-11-25T12:07:44,FALSE,e3b584a9c5c60663f648394af629d10b,1,fmt/4,image/gif,Graphics Interchange Format,89a
17,3,file:/Users/Jane/Documents/UIUC/452/final-project/marijuanachallenge/adams_files/page_nav_previous.gif,/Users/Jane/Documents/UIUC/452/final-project/marijuanachallenge/adams_files/page_nav_previous.gif,page_nav_previous.gif,Signature,Done,1104,File,gif,2007-11-25T12:07:44,FALSE,e7bdce569df60544eabf76e032078ed2,1,fmt/4,image/gif,Graphics Interchange Format,89a
19,3,file:/Users/Jane/Documents/UIUC/452/final-project/marijuanachallenge/adams_files/pdf_download_icon.gif,/Users/Jane/Documents/UIUC/452/final-project/marijuanachallenge/adams_files/pdf_download_icon.gif,pdf_download_icon.gif,Signature,Done,103,File,gif,2007-11-25T12:07:44,FALSE,ae88847706901ebe711c39b8bb56624d,1,fmt/4,image/gif,Graphics Interchange Format,89a
16,3,file:/Users/Jane/Documents/UIUC/452/final-project/marijuanachallenge/adams_files/plus_sm.gif,/Users/Jane/Documents/UIUC/452/final-project/marijuanachallenge/adams_files/plus_sm.gif,plus_sm.gif,Signature,Done,200,File,gif,2007-11-25T12:07:44,FALSE,621b0cadcc3562b5fcb7942394ec898c,1,fmt/4,image/gif,Graphics Interchange Format,89a
18,3,file:/Users/Jane/Documents/UIUC/452/final-project/marijuanachallenge/adams_files/regularscreen.gif,/Users/Jane/Documents/UIUC/452/final-project/marijuanachallenge/adams_files/regularscreen.gif,regularscreen.gif,Signature,Done,98,File,gif,2007-11-25T12:07:44,FALSE,5264f6d9b6ebdb372db6f1c41798c2bc,1,fmt/4,image/gif,Graphics Interchange Format,89a
22,3,file:/Users/Jane/Documents/UIUC/452/final-project/marijuanachallenge/adams_files/select.gif,/Users/Jane/Documents/UIUC/452/final-project/marijuanachallenge/adams_files/select.gif,select.gif,Signature,Done,109,File,gif,2007-11-25T12:07:44,FALSE,bc9b49a459268b8726c500dd11992305,1,fmt/4,image/gif,Graphics Interchange Format,89a
20,3,file:/Users/Jane/Documents/UIUC/452/final-project/marijuanachallenge/adams_files/switch_text_mode.gif,/Users/Jane/Documents/UIUC/452/final-project/marijuanachallenge/adams_files/switch_text_mode.gif,switch_text_mode.gif,Signature,Done,330,File,gif,2007-11-25T12:07:44,FALSE,4b50e84e73c4ffdecfd9e24fde87712e,1,fmt/4,image/gif,Graphics Interchange Format,89a
21,3,file:/Users/Jane/Documents/UIUC/452/final-project/marijuanachallenge/adams_files/twopage.gif,/Users/Jane/Documents/UIUC/452/final-project/marijuanachallenge/adams_files/twopage.gif,twopage.gif,Signature,Done,121,File,gif,2007-11-25T12:07:44,FALSE,17986d5d61bc550abc1c9aed154192c7,1,fmt/4,image/gif,Graphics Interchange Format,89a
28,3,file:/Users/Jane/Documents/UIUC/452/final-project/marijuanachallenge/adams_files/vp1195272088.js,/Users/Jane/Documents/UIUC/452/final-project/marijuanachallenge/adams_files/vp1195272088.js,vp1195272088.js,Extension,Done,90943,File,js,2007-11-25T12:07:44,FALSE,bc35134a33e72f71d0ca1c5929429745,1,x-fmt/423,application/javascript,JavaScript file,
25,3,file:/Users/Jane/Documents/UIUC/452/final-project/marijuanachallenge/adams_files/zoomin.gif,/Users/Jane/Documents/UIUC/452/final-project/marijuanachallenge/adams_files/zoomin.gif,zoomin.gif,Signature,Done,116,File,gif,2007-11-25T12:07:44,FALSE,89ab42571da9f7aa6bd78c360be4532d,1,fmt/4,image/gif,Graphics Interchange Format,89a
24,3,file:/Users/Jane/Documents/UIUC/452/final-project/marijuanachallenge/adams_files/zoomout.gif,/Users/Jane/Documents/UIUC/452/final-project/marijuanachallenge/adams_files/zoomout.gif,zoomout.gif,Signature,Done,115,File,gif,2007-11-25T12:07:44,FALSE,7b4af215d88ced70dce5695db43a544e,1,fmt/4,image/gif,Graphics Interchange Format,89a
23,2,file:/Users/Jane/Documents/UIUC/452/final-project/marijuanachallenge/affidavits/,/Users/Jane/Documents/UIUC/452/final-project/marijuanachallenge/affidavits,affidavits,,Done,,Folder,,2017-11-02T15:59:08,FALSE,,,,,,
35,23,file:/Users/Jane/Documents/UIUC/452/final-project/marijuanachallenge/affidavits/%24I30,/Users/Jane/Documents/UIUC/452/final-project/marijuanachallenge/affidavits/$I30,$I30,,Done,4096,File,,2008-10-10T09:31:50,FALSE,b1cf21b7e4a1c31110c6b2465d10e299,0,,,,
38,23,file:/Users/Jane/Documents/UIUC/452/final-project/marijuanachallenge/affidavits/Bonnie%20Affidavit.pdf,/Users/Jane/Documents/UIUC/452/final-project/marijuanachallenge/affidavits/Bonnie Affidavit.pdf,Bonnie Affidavit.pdf,Signature,Done,635510,File,pdf,2008-10-10T09:30:42,FALSE,ee8f3faaf0472b48e9c8bed8e6bcc3c2,1,fmt/18,application/pdf,Acrobat PDF 1.4 - Portable Document Format,1.4
40,23,file:/Users/Jane/Documents/UIUC/452/final-project/marijuanachallenge/affidavits/Grinspoon%20Affidavit-1.pdf,/Users/Jane/Documents/UIUC/452/final-project/marijuanachallenge/affidavits/Grinspoon Affidavit-1.pdf,Grinspoon Affidavit-1.pdf,Signature,Done,1304882,File,pdf,2008-10-10T09:31:50,FALSE,f2c5dfb8ff4bc85c5946812a805af843,1,fmt/18,application/pdf,Acrobat PDF 1.4 - Portable Document Format,1.4
39,23,file:/Users/Jane/Documents/UIUC/452/final-project/marijuanachallenge/affidavits/Miron%20Affidavit.pdf,/Users/Jane/Documents/UIUC/452/final-project/marijuanachallenge/affidavits/Miron Affidavit.pdf,Miron Affidavit.pdf,Signature,Done,1143010,File,pdf,2008-10-10T09:31:16,FALSE,6cff2ae364be4fb2f79592c7573fbab3,1,fmt/18,application/pdf,Acrobat PDF 1.4 - Portable Document Format,1.4
36,23,file:/Users/Jane/Documents/UIUC/452/final-project/marijuanachallenge/affidavits/Saunders-Affid.-signed.pdf,/Users/Jane/Documents/UIUC/452/final-project/marijuanachallenge/affidavits/Saunders-Affid.-signed.pdf,Saunders-Affid.-signed.pdf,Signature,Done,611255,File,pdf,2008-10-10T09:30:08,FALSE,451815eb1be5d84f651a3c58fc32cf10,1,fmt/18,application/pdf,Acrobat PDF 1.4 - Portable Document Format,1.4
27,2,file:/Users/Jane/Documents/UIUC/452/final-project/marijuanachallenge/appeal%20transcript%20and%20filings/,/Users/Jane/Documents/UIUC/452/final-project/marijuanachallenge/appeal transcript and filings,appeal transcript and filings,,Done,,Folder,,2017-11-02T15:59:08,FALSE,,,,,,
29,27,file:/Users/Jane/Documents/UIUC/452/final-project/marijuanachallenge/appeal%20transcript%20and%20filings/%24I30,/Users/Jane/Documents/UIUC/452/final-project/marijuanachallenge/appeal transcript and filings/$I30,$I30,,Done,12288,File,,2010-03-08T14:40:36,FALSE,2f506708dcad41274dd2e6d7df876cbb,0,,,,
41,27,file:/Users/Jane/Documents/UIUC/452/final-project/marijuanachallenge/appeal%20transcript%20and%20filings/BRIEF-final-2.doc,/Users/Jane/Documents/UIUC/452/final-project/marijuanachallenge/appeal transcript and filings/BRIEF-final-2.doc,BRIEF-final-2.doc,Container,Done,145920,File,doc,2008-11-11T08:36:22,FALSE,6ebdbd7eeaf89d77b5f4b773231ad5f9,1,fmt/40,application/msword,Microsoft Word Document,97-2003
44,27,file:/Users/Jane/Documents/UIUC/452/final-project/marijuanachallenge/appeal%20transcript%20and%20filings/BRIEF-final-3a.doc,/Users/Jane/Documents/UIUC/452/final-project/marijuanachallenge/appeal transcript and filings/BRIEF-final-3a.doc,BRIEF-final-3a.doc,Container,Done,196608,File,doc,2008-11-11T09:38:26,FALSE,a7741e9da3ca7cab540488f6df7c57ac,1,fmt/40,application/msword,Microsoft Word Document,97-2003
43,27,file:/Users/Jane/Documents/UIUC/452/final-project/marijuanachallenge/appeal%20transcript%20and%20filings/BRIEF-final-4.doc,/Users/Jane/Documents/UIUC/452/final-project/marijuanachallenge/appeal transcript and filings/BRIEF-final-4.doc,BRIEF-final-4.doc,Container,Done,150528,File,doc,2008-11-11T09:39:00,FALSE,0bf1218d84d202e2d09261d539949c74,1,fmt/40,application/msword,Microsoft Word Document,97-2003
30,27,file:/Users/Jane/Documents/UIUC/452/final-project/marijuanachallenge/appeal%20transcript%20and%20filings/Bonnie%20Affidavit-1.txt,/Users/Jane/Documents/UIUC/452/final-project/marijuanachallenge/appeal transcript and filings/Bonnie Affidavit-1.txt,Bonnie Affidavit-1.txt,Extension,Done,0,File,txt,2008-11-16T14:56:26,FALSE,d41d8cd98f00b204e9800998ecf8427e,1,x-fmt/111,text/plain,Plain Text File,
42,27,file:/Users/Jane/Documents/UIUC/452/final-project/marijuanachallenge/appeal%20transcript%20and%20filings/Cusick.juryselection%20transcript08-1.doc,/Users/Jane/Documents/UIUC/452/final-project/marijuanachallenge/appeal transcript and filings/Cusick.juryselection transcript08-1.doc,Cusick.juryselection transcript08-1.doc,Container,Done,118272,File,doc,2008-09-29T06:33:00,FALSE,19425e0834128469d0756a8d817d2749,1,fmt/40,application/msword,Microsoft Word Document,97-2003
45,27,file:/Users/Jane/Documents/UIUC/452/final-project/marijuanachallenge/appeal%20transcript%20and%20filings/Cusick.trialtranscript.doc,/Users/Jane/Documents/UIUC/452/final-project/marijuanachallenge/appeal transcript and filings/Cusick.trialtranscript.doc,Cusick.trialtranscript.doc,Container,Done,245760,File,doc,2008-09-29T06:39:56,FALSE,892aa9ebc07f892f54b23fb973c37a51,1,fmt/40,application/msword,Microsoft Word Document,97-2003
54,27,file:/Users/Jane/Documents/UIUC/452/final-project/marijuanachallenge/appeal%20transcript%20and%20filings/Marijuana%20article.pdf,/Users/Jane/Documents/UIUC/452/final-project/marijuanachallenge/appeal transcript and filings/Marijuana article.pdf,Marijuana article.pdf,Signature,Done,1205787,File,pdf,2008-11-17T16:21:16,FALSE,e98a22c559f2d2eb6956e4fc0cf66dc5,1,fmt/15,application/pdf,Acrobat PDF 1.1 - Portable Document Format,1.1
49,27,file:/Users/Jane/Documents/UIUC/452/final-project/marijuanachallenge/appeal%20transcript%20and%20filings/MarijuanaBriefMaster.02%20%28Epstein%29.doc,/Users/Jane/Documents/UIUC/452/final-project/marijuanachallenge/appeal transcript and filings/MarijuanaBriefMaster.02 (Epstein).doc,MarijuanaBriefMaster.02 (Epstein).doc,Container,Done,157184,File,doc,2008-11-15T09:31:36,FALSE,1e0dd56f6e9533324bb8755e99e94d16,1,fmt/40,application/msword,Microsoft Word Document,97-2003
51,27,file:/Users/Jane/Documents/UIUC/452/final-project/marijuanachallenge/appeal%20transcript%20and%20filings/MarijuanaBriefMaster.03%20%28fern%29.doc,/Users/Jane/Documents/UIUC/452/final-project/marijuanachallenge/appeal transcript and filings/MarijuanaBriefMaster.03 (fern).doc,MarijuanaBriefMaster.03 (fern).doc,Container,Done,151040,File,doc,2008-11-16T12:36:20,FALSE,7cc91dbc4bd045026c4d8287e2724740,1,fmt/40,application/msword,Microsoft Word Document,97-2003
50,27,file:/Users/Jane/Documents/UIUC/452/final-project/marijuanachallenge/appeal%20transcript%20and%20filings/MarijuanaBriefMaster.04%20%28fern%29.doc,/Users/Jane/Documents/UIUC/452/final-project/marijuanachallenge/appeal transcript and filings/MarijuanaBriefMaster.04 (fern).doc,MarijuanaBriefMaster.04 (fern).doc,Container,Done,148480,File,doc,2008-11-16T10:31:58,FALSE,f658774e0461c6fec50c805accd1375c,1,fmt/609,application/msword,Microsoft Word (Generic),6.0-2003
58,27,file:/Users/Jane/Documents/UIUC/452/final-project/marijuanachallenge/appeal%20transcript%20and%20filings/MarijuanaBriefMaster.05%20%28fern%29.doc,/Users/Jane/Documents/UIUC/452/final-project/marijuanachallenge/appeal transcript and filings/MarijuanaBriefMaster.05 (fern).doc,MarijuanaBriefMaster.05 (fern).doc,Container,Done,135680,File,doc,2008-11-16T20:02:18,FALSE,9f645d0ea925cfd7b48fd501b2bbca0b,1,fmt/40,application/msword,Microsoft Word Document,97-2003
52,27,file:/Users/Jane/Documents/UIUC/452/final-project/marijuanachallenge/appeal%20transcript%20and%20filings/Miron%20Affidavit-1.txt,/Users/Jane/Documents/UIUC/452/final-project/marijuanachallenge/appeal transcript and filings/Miron Affidavit-1.txt,Miron Affidavit-1.txt,Extension,Done,0,File,txt,2008-11-16T14:58:18,FALSE,d41d8cd98f00b204e9800998ecf8427e,1,x-fmt/111,text/plain,Plain Text File,
53,27,file:/Users/Jane/Documents/UIUC/452/final-project/marijuanachallenge/appeal%20transcript%20and%20filings/Saunders-Affid.-signed-1.txt,/Users/Jane/Documents/UIUC/452/final-project/marijuanachallenge/appeal transcript and filings/Saunders-Affid.-signed-1.txt,Saunders-Affid.-signed-1.txt,Extension,Done,0,File,txt,2008-11-16T15:00:40,FALSE,d41d8cd98f00b204e9800998ecf8427e,1,x-fmt/111,text/plain,Plain Text File,
37,27,file:/Users/Jane/Documents/UIUC/452/final-project/marijuanachallenge/appeal%20transcript%20and%20filings/barkow.paper.pdf,/Users/Jane/Documents/UIUC/452/final-project/marijuanachallenge/appeal transcript and filings/barkow.paper.pdf,barkow.paper.pdf,Signature,Done,252795,File,pdf,2008-11-17T14:23:28,FALSE,fa24f8ec71a15022ff415a6597a041d5,1,fmt/18,application/pdf,Acrobat PDF 1.4 - Portable Document Format,1.4
46,27,file:/Users/Jane/Documents/UIUC/452/final-project/marijuanachallenge/appeal%20transcript%20and%20filings/fern-charlie%20brief.01%2Bsarah%20footnotes.doc,/Users/Jane/Documents/UIUC/452/final-project/marijuanachallenge/appeal transcript and filings/fern-charlie brief.01+sarah footnotes.doc,fern-charlie brief.01+sarah footnotes.doc,Container,Done,71680,File,doc,2008-11-13T18:26:34,FALSE,97437067d86b88529213e80ab966cb07,1,fmt/40,application/msword,Microsoft Word Document,97-2003
48,27,file:/Users/Jane/Documents/UIUC/452/final-project/marijuanachallenge/appeal%20transcript%20and%20filings/fern-charlie%20brief.01.doc,/Users/Jane/Documents/UIUC/452/final-project/marijuanachallenge/appeal transcript and filings/fern-charlie brief.01.doc,fern-charlie brief.01.doc,Container,Done,80896,File,doc,2008-11-13T13:47:04,FALSE,17fd66fd8be9cd0be483e91dc16ba4d1,1,fmt/40,application/msword,Microsoft Word Document,97-2003
47,27,file:/Users/Jane/Documents/UIUC/452/final-project/marijuanachallenge/appeal%20transcript%20and%20filings/fern-charlie%20brief.doc,/Users/Jane/Documents/UIUC/452/final-project/marijuanachallenge/appeal transcript and filings/fern-charlie brief.doc,fern-charlie brief.doc,Container,Done,73728,File,doc,2008-11-12T11:09:44,FALSE,aa2c6dc5398b72d7e64a327a62e9e729,1,fmt/40,application/msword,Microsoft Word Document,97-2003
60,27,file:/Users/Jane/Documents/UIUC/452/final-project/marijuanachallenge/appeal%20transcript%20and%20filings/temp%20for%20printing.doc,/Users/Jane/Documents/UIUC/452/final-project/marijuanachallenge/appeal transcript and filings/temp for printing.doc,temp for printing.doc,Container,Done,48128,File,doc,2008-11-16T20:00:40,FALSE,96397fed50ef74ecad5b17b82d35c5af,1,fmt/40,application/msword,Microsoft Word Document,97-2003
55,27,file:/Users/Jane/Documents/UIUC/452/final-project/marijuanachallenge/appeal%20transcript%20and%20filings/%7E%24rijuanaBriefMaster.03%20%28fern%29.doc,/Users/Jane/Documents/UIUC/452/final-project/marijuanachallenge/appeal transcript and filings/~$rijuanaBriefMaster.03 (fern).doc,~$rijuanaBriefMaster.03 (fern).doc,Signature,Done,162,File,doc,2008-11-15T10:05:00,FALSE,3dbcb7d96c3b58f970d356ab292aadde,1,fmt/473,,Microsoft Office Owner File,
56,27,file:/Users/Jane/Documents/UIUC/452/final-project/marijuanachallenge/appeal%20transcript%20and%20filings/%7E%24rijuanaBriefMaster.04%20%28fern%29.doc,/Users/Jane/Documents/UIUC/452/final-project/marijuanachallenge/appeal transcript and filings/~$rijuanaBriefMaster.04 (fern).doc,~$rijuanaBriefMaster.04 (fern).doc,Signature,Done,162,File,doc,2008-11-16T10:31:58,FALSE,3dbcb7d96c3b58f970d356ab292aadde,1,fmt/473,,Microsoft Office Owner File,
57,27,file:/Users/Jane/Documents/UIUC/452/final-project/marijuanachallenge/appeal%20transcript%20and%20filings/%7E%24sick.juryselection%20transcript08-1.doc,/Users/Jane/Documents/UIUC/452/final-project/marijuanachallenge/appeal transcript and filings/~$sick.juryselection transcript08-1.doc,~$sick.juryselection transcript08-1.doc,Signature,Done,162,File,doc,2008-10-10T10:06:22,FALSE,1806e182117783f4d5490310167e4dc7,1,fmt/473,,Microsoft Office Owner File,
59,27,file:/Users/Jane/Documents/UIUC/452/final-project/marijuanachallenge/appeal%20transcript%20and%20filings/%7E%24sick.trialtranscript.doc,/Users/Jane/Documents/UIUC/452/final-project/marijuanachallenge/appeal transcript and filings/~$sick.trialtranscript.doc,~$sick.trialtranscript.doc,Signature,Done,162,File,doc,2008-09-29T06:39:56,FALSE,3d228d7d73fa37fdc4a76923d8c1b3b3,1,fmt/473,,Microsoft Office Owner File,
65,27,file:/Users/Jane/Documents/UIUC/452/final-project/marijuanachallenge/appeal%20transcript%20and%20filings/%7EWRL0814.tmp,/Users/Jane/Documents/UIUC/452/final-project/marijuanachallenge/appeal transcript and filings/~WRL0814.tmp,~WRL0814.tmp,Container,Done,142848,File,tmp,2008-11-15T14:24:02,TRUE,fb0c30e1ee8077dccf1e2e8b3695b8ad,1,fmt/40,application/msword,Microsoft Word Document,97-2003
61,27,file:/Users/Jane/Documents/UIUC/452/final-project/marijuanachallenge/appeal%20transcript%20and%20filings/%7EWRL0999.tmp,/Users/Jane/Documents/UIUC/452/final-project/marijuanachallenge/appeal transcript and filings/~WRL0999.tmp,~WRL0999.tmp,Container,Done,79872,File,tmp,2008-11-13T10:50:20,TRUE,f23007c9959210d1daf94dec2dd9e797,1,fmt/609,application/msword,Microsoft Word (Generic),6.0-2003
62,27,file:/Users/Jane/Documents/UIUC/452/final-project/marijuanachallenge/appeal%20transcript%20and%20filings/%7EWRL2627.tmp,/Users/Jane/Documents/UIUC/452/final-project/marijuanachallenge/appeal transcript and filings/~WRL2627.tmp,~WRL2627.tmp,Container,Done,144384,File,tmp,2008-11-15T15:27:40,TRUE,51e61a077a8f287a2393f83a8ab57fc4,1,fmt/40,application/msword,Microsoft Word Document,97-2003
66,27,file:/Users/Jane/Documents/UIUC/452/final-project/marijuanachallenge/appeal%20transcript%20and%20filings/%7EWRL3597.tmp,/Users/Jane/Documents/UIUC/452/final-project/marijuanachallenge/appeal transcript and filings/~WRL3597.tmp,~WRL3597.tmp,Container,Done,131072,File,tmp,2008-11-15T09:59:52,TRUE,69f023c42572b96f3b9b0e56b58ca912,1,fmt/40,application/msword,Microsoft Word Document,97-2003
63,2,file:/Users/Jane/Documents/UIUC/452/final-project/marijuanachallenge/cause/,/Users/Jane/Documents/UIUC/452/final-project/marijuanachallenge/cause,cause,,Done,,Folder,,2017-11-02T15:59:08,FALSE,,,,,,
67,63,file:/Users/Jane/Documents/UIUC/452/final-project/marijuanachallenge/cause/%24I30,/Users/Jane/Documents/UIUC/452/final-project/marijuanachallenge/cause/$I30,$I30,,Done,4096,File,,2008-10-02T08:43:20,FALSE,046464b8cd92213d8deff0ac5f2b3bbb,0,,,,
70,63,file:/Users/Jane/Documents/UIUC/452/final-project/marijuanachallenge/cause/Landetto.doc,/Users/Jane/Documents/UIUC/452/final-project/marijuanachallenge/cause/Landetto.doc,Landetto.doc,Container,Done,39936,File,doc,2008-09-30T06:51:44,FALSE,d03a0f55e1442d5e96272467750683e4,1,fmt/40,application/msword,Microsoft Word Document,97-2003
74,63,file:/Users/Jane/Documents/UIUC/452/final-project/marijuanachallenge/cause/massachusetts_and_witherspoo.doc,/Users/Jane/Documents/UIUC/452/final-project/marijuanachallenge/cause/massachusetts_and_witherspoo.doc,massachusetts_and_witherspoo.doc,Signature,Done,358795,File,doc,2008-09-30T07:29:18,TRUE,b330388eb0a77928b8ac342435a9c827,1,fmt/53,"application/rtf, text/rtf",Rich Text Format,1.8
68,2,file:/Users/Jane/Documents/UIUC/452/final-project/marijuanachallenge/client/,/Users/Jane/Documents/UIUC/452/final-project/marijuanachallenge/client,client,,Done,,Folder,,2017-11-02T15:59:08,FALSE,,,,,,
69,68,file:/Users/Jane/Documents/UIUC/452/final-project/marijuanachallenge/client/%24I30,/Users/Jane/Documents/UIUC/452/final-project/marijuanachallenge/client/$I30,$I30,,Done,4096,File,,2008-09-20T09:53:26,FALSE,7c3d54479af4725857ea7563d4d32bce,0,,,,
75,68,file:/Users/Jane/Documents/UIUC/452/final-project/marijuanachallenge/client/cusick.The%20New%20Boston%20Tea%20Party%20Opening-1.doc,/Users/Jane/Documents/UIUC/452/final-project/marijuanachallenge/client/cusick.The New Boston Tea Party Opening-1.doc,cusick.The New Boston Tea Party Opening-1.doc,Container,Done,59904,File,doc,2008-09-20T09:53:26,FALSE,af589b3b88a2dd9efd01019269cf6a11,1,fmt/40,application/msword,Microsoft Word Document,97-2003
72,68,file:/Users/Jane/Documents/UIUC/452/final-project/marijuanachallenge/client/%7E%24sick.The%20New%20Boston%20Tea%20Party%20Opening-1.doc,/Users/Jane/Documents/UIUC/452/final-project/marijuanachallenge/client/~$sick.The New Boston Tea Party Opening-1.doc,~$sick.The New Boston Tea Party Opening-1.doc,Signature,Done,162,File,doc,2008-09-20T09:53:26,FALSE,6a35880eef65b47edd4027c0513cbd23,1,fmt/473,,Microsoft Office Owner File,
77,2,file:/Users/Jane/Documents/UIUC/452/final-project/marijuanachallenge/commonwealth%20v.%20leis.355_Mass__189.doc,/Users/Jane/Documents/UIUC/452/final-project/marijuanachallenge/commonwealth v. leis.355_Mass__189.doc,commonwealth v. leis.355_Mass__189.doc,Container,Done,44544,File,doc,2008-09-30T17:57:56,FALSE,be59e5509bf0b0adb63a8ed05a2666e9,1,fmt/40,application/msword,Microsoft Word Document,97-2003
76,2,file:/Users/Jane/Documents/UIUC/452/final-project/marijuanachallenge/criminal%20complaint%20issued.pdf,/Users/Jane/Documents/UIUC/452/final-project/marijuanachallenge/criminal complaint issued.pdf,criminal complaint issued.pdf,Signature,Done,38682,File,pdf,2007-11-24T22:10:48,FALSE,381030ecc5c0bcdcd82e955a25e29b35,1,fmt/17,application/pdf,Acrobat PDF 1.3 - Portable Document Format,1.3
80,2,file:/Users/Jane/Documents/UIUC/452/final-project/marijuanachallenge/faculty%20workshop.01.doc,/Users/Jane/Documents/UIUC/452/final-project/marijuanachallenge/faculty workshop.01.doc,faculty workshop.01.doc,Container,Done,49152,File,doc,2008-05-01T20:12:40,FALSE,c99f0ee68e0e908771ac192befd7c075,1,fmt/40,application/msword,Microsoft Word Document,97-2003
159,2,file:/Users/Jane/Documents/UIUC/452/final-project/marijuanachallenge/first%20draft%20jury%20instructions.doc,/Users/Jane/Documents/UIUC/452/final-project/marijuanachallenge/first draft jury instructions.doc,first draft jury instructions.doc,Container,Done,38400,File,doc,2008-03-20T12:19:06,FALSE,749af67e82c4e19e0f37cab027511f76,1,fmt/40,application/msword,Microsoft Word Document,97-2003
106,2,file:/Users/Jane/Documents/UIUC/452/final-project/marijuanachallenge/first%20draft%20memo%20jury%20instructions.doc,/Users/Jane/Documents/UIUC/452/final-project/marijuanachallenge/first draft memo jury instructions.doc,first draft memo jury instructions.doc,Container,Done,31232,File,doc,2008-03-05T15:12:58,FALSE,a13b98134f462106af7a4a2d5142d367,1,fmt/40,application/msword,Microsoft Word Document,97-2003
107,2,file:/Users/Jane/Documents/UIUC/452/final-project/marijuanachallenge/fragment-%20good.doc,/Users/Jane/Documents/UIUC/452/final-project/marijuanachallenge/fragment- good.doc,fragment- good.doc,Container,Done,26112,File,doc,2008-08-01T08:22:36,FALSE,efca7f5d37fac8f275c157f40e6459ba,1,fmt/40,application/msword,Microsoft Word Document,97-2003
151,2,file:/Users/Jane/Documents/UIUC/452/final-project/marijuanachallenge/goodridge.txt,/Users/Jane/Documents/UIUC/452/final-project/marijuanachallenge/goodridge.txt,goodridge.txt,Extension,Done,234579,File,txt,2007-11-25T12:43:16,FALSE,5beeb7c2e04508b1ca49e98f2ec16ca1,1,x-fmt/111,text/plain,Plain Text File,
110,2,file:/Users/Jane/Documents/UIUC/452/final-project/marijuanachallenge/ladies%20and%20gentleman%20of%20the%20jury.0.1.doc,/Users/Jane/Documents/UIUC/452/final-project/marijuanachallenge/ladies and gentleman of the jury.0.1.doc,ladies and gentleman of the jury.0.1.doc,Container,Done,47104,File,doc,2008-03-05T13:13:10,FALSE,a432ceea7525d7ea145b4eb1197b086a,1,fmt/40,application/msword,Microsoft Word Document,97-2003
111,2,file:/Users/Jane/Documents/UIUC/452/final-project/marijuanachallenge/ladies%20and%20gentleman%20of%20the%20jury.0.2.doc,/Users/Jane/Documents/UIUC/452/final-project/marijuanachallenge/ladies and gentleman of the jury.0.2.doc,ladies and gentleman of the jury.0.2.doc,Container,Done,47104,File,doc,2008-03-05T13:51:28,FALSE,0e759ea42cee3ff9fe97bd820a5be9ea,1,fmt/40,application/msword,Microsoft Word Document,97-2003
113,2,file:/Users/Jane/Documents/UIUC/452/final-project/marijuanachallenge/mass%20declaration%20of%20rights.doc,/Users/Jane/Documents/UIUC/452/final-project/marijuanachallenge/mass declaration of rights.doc,mass declaration of rights.doc,Container,Done,34816,File,doc,2007-11-25T12:45:22,FALSE,0b51eb859905ea56e42f65a9536000e5,1,fmt/40,application/msword,Microsoft Word Document,97-2003
114,2,file:/Users/Jane/Documents/UIUC/452/final-project/marijuanachallenge/press%20conf.3.20.08.jpg,/Users/Jane/Documents/UIUC/452/final-project/marijuanachallenge/press conf.3.20.08.jpg,press conf.3.20.08.jpg,Signature,Done,30650,File,jpg,2008-03-29T15:46:38,FALSE,1b43c6627c25d4a4d643afaf3c4fae96,1,fmt/43,image/jpeg,JPEG File Interchange Format,1.01
120,2,file:/Users/Jane/Documents/UIUC/452/final-project/marijuanachallenge/presumption%20of%20liberty%20note%201.doc,/Users/Jane/Documents/UIUC/452/final-project/marijuanachallenge/presumption of liberty note 1.doc,presumption of liberty note 1.doc,Signature,Done,324591,File,doc,2007-11-22T10:16:12,TRUE,cef9a0275e95e09f4dab59fc257de4d0,1,fmt/53,"application/rtf, text/rtf",Rich Text Format,1.8
121,2,file:/Users/Jane/Documents/UIUC/452/final-project/marijuanachallenge/sande.tannerlecture.pdf,/Users/Jane/Documents/UIUC/452/final-project/marijuanachallenge/sande.tannerlecture.pdf,sande.tannerlecture.pdf,Signature,Done,114386,File,pdf,2008-09-29T06:49:06,FALSE,5edfeada027eebb8073a50aeb541e728,1,fmt/17,application/pdf,Acrobat PDF 1.3 - Portable Document Format,1.3
122,2,file:/Users/Jane/Documents/UIUC/452/final-project/marijuanachallenge/stroup-cusick%20draft.2.4.doc,/Users/Jane/Documents/UIUC/452/final-project/marijuanachallenge/stroup-cusick draft.2.4.doc,stroup-cusick draft.2.4.doc,Container,Done,33792,File,doc,2008-03-05T15:29:12,FALSE,7c91aeb0413c10cfb9287a3934a0d9b1,1,fmt/40,application/msword,Microsoft Word Document,97-2003
124,2,file:/Users/Jane/Documents/UIUC/452/final-project/marijuanachallenge/stroup-cusick%20draft.2.5.doc,/Users/Jane/Documents/UIUC/452/final-project/marijuanachallenge/stroup-cusick draft.2.5.doc,stroup-cusick draft.2.5.doc,Container,Done,32256,File,doc,2008-03-20T11:52:08,FALSE,54197f23b2758948b862d3710f23b138,1,fmt/40,application/msword,Microsoft Word Document,97-2003
125,2,file:/Users/Jane/Documents/UIUC/452/final-project/marijuanachallenge/%7E%24AFT%20INSTRUCTIONS.doc,/Users/Jane/Documents/UIUC/452/final-project/marijuanachallenge/~$AFT INSTRUCTIONS.doc,~$AFT INSTRUCTIONS.doc,Signature,Done,162,File,doc,2008-05-02T05:51:08,FALSE,c82ceb3178e3090d6ab7d07a3765ddb9,1,fmt/473,,Microsoft Office Owner File,
127,2,file:/Users/Jane/Documents/UIUC/452/final-project/marijuanachallenge/%7E%24ARF%20AND%20HANSEN%20condensed.doc,/Users/Jane/Documents/UIUC/452/final-project/marijuanachallenge/~$ARF AND HANSEN condensed.doc,~$ARF AND HANSEN condensed.doc,Signature,Done,162,File,doc,2008-06-08T10:19:30,FALSE,aae0f80074a030d1618a51ff66518a7f,1,fmt/473,,Microsoft Office Owner File,
128,2,file:/Users/Jane/Documents/UIUC/452/final-project/marijuanachallenge/%7E%24ARF%20AND%20HANSEN.doc,/Users/Jane/Documents/UIUC/452/final-project/marijuanachallenge/~$ARF AND HANSEN.doc,~$ARF AND HANSEN.doc,Signature,Done,162,File,doc,2008-03-30T20:26:22,FALSE,8d2546f9c5a7512098e7b498c26dd8f8,1,fmt/473,,Microsoft Office Owner File,
137,2,file:/Users/Jane/Documents/UIUC/452/final-project/marijuanachallenge/%7E%24FENDANTS%20REQUESTED%20PRELIMINARY%20JURY%20INSTRUCTIONS%2002.doc,/Users/Jane/Documents/UIUC/452/final-project/marijuanachallenge/~$FENDANTS REQUESTED PRELIMINARY JURY INSTRUCTIONS 02.doc,~$FENDANTS REQUESTED PRELIMINARY JURY INSTRUCTIONS 02.doc,Signature,Done,162,File,doc,2008-05-08T10:53:10,FALSE,e77fbe57caceb19b0dd40faac3da1fb4,1,fmt/473,,Microsoft Office Owner File,
138,2,file:/Users/Jane/Documents/UIUC/452/final-project/marijuanachallenge/%7E%24FENDANTS%20REQUESTED%20PRELIMINARY%20JURY%20INSTRUCTIONS.doc,/Users/Jane/Documents/UIUC/452/final-project/marijuanachallenge/~$FENDANTS REQUESTED PRELIMINARY JURY INSTRUCTIONS.doc,~$FENDANTS REQUESTED PRELIMINARY JURY INSTRUCTIONS.doc,Signature,Done,162,File,doc,2008-03-20T12:19:06,FALSE,f6f59a6a9cb3a209bebed02d96bdb44a,1,fmt/473,,Microsoft Office Owner File,
140,2,file:/Users/Jane/Documents/UIUC/452/final-project/marijuanachallenge/%7E%24IAL%20BY%20JURY.lysander%20spooner.doc,/Users/Jane/Documents/UIUC/452/final-project/marijuanachallenge/~$IAL BY JURY.lysander spooner.doc,~$IAL BY JURY.lysander spooner.doc,Signature,Done,162,File,doc,2008-06-28T10:44:52,FALSE,f8e541a1d96348ce46a225f14fac1708,1,fmt/473,,Microsoft Office Owner File,
143,2,file:/Users/Jane/Documents/UIUC/452/final-project/marijuanachallenge/%7E%24MORANDUM%20IN%20SUPPORT%20OF%20DEFENDANTS%20REQUESTED%20PRELIMINARY%20JURY%20INSTRUCTIONS.doc,/Users/Jane/Documents/UIUC/452/final-project/marijuanachallenge/~$MORANDUM IN SUPPORT OF DEFENDANTS REQUESTED PRELIMINARY JURY INSTRUCTIONS.doc,~$MORANDUM IN SUPPORT OF DEFENDANTS REQUESTED PRELIMINARY JURY INSTRUCTIONS.doc,Signature,Done,162,File,doc,2008-04-24T13:42:00,FALSE,5ee485e171aece1ea7105e2dd6813256,1,fmt/473,,Microsoft Office Owner File,
145,2,file:/Users/Jane/Documents/UIUC/452/final-project/marijuanachallenge/%7E%24MORANDUM%20IN%20SUPPORT%20OF%20REQUESTED%20JURY%20INSTRUCTIONS.1.1.doc,/Users/Jane/Documents/UIUC/452/final-project/marijuanachallenge/~$MORANDUM IN SUPPORT OF REQUESTED JURY INSTRUCTIONS.1.1.doc,~$MORANDUM IN SUPPORT OF REQUESTED JURY INSTRUCTIONS.1.1.doc,Signature,Done,162,File,doc,2008-03-20T06:21:18,FALSE,f6f59a6a9cb3a209bebed02d96bdb44a,1,fmt/473,,Microsoft Office Owner File,
146,2,file:/Users/Jane/Documents/UIUC/452/final-project/marijuanachallenge/%7E%24MORANDUM%20IN%20SUPPORT%20OF%20REQUESTED%20JURY%20INSTRUCTIONS.doc,/Users/Jane/Documents/UIUC/452/final-project/marijuanachallenge/~$MORANDUM IN SUPPORT OF REQUESTED JURY INSTRUCTIONS.doc,~$MORANDUM IN SUPPORT OF REQUESTED JURY INSTRUCTIONS.doc,Signature,Done,162,File,doc,2008-04-23T15:13:06,FALSE,5ee485e171aece1ea7105e2dd6813256,1,fmt/473,,Microsoft Office Owner File,
149,2,file:/Users/Jane/Documents/UIUC/452/final-project/marijuanachallenge/%7E%24Notes.doc,/Users/Jane/Documents/UIUC/452/final-project/marijuanachallenge/~$Notes.doc,~$Notes.doc,Signature,Done,162,File,doc,2007-12-05T12:14:58,FALSE,5f284e7d1d1b29ee790e66751879dc0b,1,fmt/473,,Microsoft Office Owner File,
130,2,file:/Users/Jane/Documents/UIUC/452/final-project/marijuanachallenge/%7E%24athofDeathFinalDraft.doc,/Users/Jane/Documents/UIUC/452/final-project/marijuanachallenge/~$athofDeathFinalDraft.doc,~$athofDeathFinalDraft.doc,Signature,Done,162,File,doc,2008-08-15T12:12:42,FALSE,f8e541a1d96348ce46a225f14fac1708,1,fmt/473,,Microsoft Office Owner File,
131,2,file:/Users/Jane/Documents/UIUC/452/final-project/marijuanachallenge/%7E%24culty%20workshop.01.doc,/Users/Jane/Documents/UIUC/452/final-project/marijuanachallenge/~$culty workshop.01.doc,~$culty workshop.01.doc,Signature,Done,162,File,doc,2008-05-01T20:11:16,FALSE,c82ceb3178e3090d6ab7d07a3765ddb9,1,fmt/473,,Microsoft Office Owner File,
134,2,file:/Users/Jane/Documents/UIUC/452/final-project/marijuanachallenge/%7E%24dies%20and%20gentleman%20of%20the%20jury.0.2.doc,/Users/Jane/Documents/UIUC/452/final-project/marijuanachallenge/~$dies and gentleman of the jury.0.2.doc,~$dies and gentleman of the jury.0.2.doc,Signature,Done,162,File,doc,2008-03-20T06:18:08,FALSE,f6f59a6a9cb3a209bebed02d96bdb44a,1,fmt/473,,Microsoft Office Owner File,
133,2,file:/Users/Jane/Documents/UIUC/452/final-project/marijuanachallenge/%7E%24e%20Bill%20of%20Rights%20as%20a%20Constitution.txt,/Users/Jane/Documents/UIUC/452/final-project/marijuanachallenge/~$e Bill of Rights as a Constitution.txt,~$e Bill of Rights as a Constitution.txt,Signature,Done,162,File,txt,2008-06-23T16:55:50,TRUE,f8e541a1d96348ce46a225f14fac1708,1,fmt/473,,Microsoft Office Owner File,
141,2,file:/Users/Jane/Documents/UIUC/452/final-project/marijuanachallenge/%7E%24ermule.doc,/Users/Jane/Documents/UIUC/452/final-project/marijuanachallenge/~$ermule.doc,~$ermule.doc,Signature,Done,162,File,doc,2008-07-07T20:48:34,FALSE,f8e541a1d96348ce46a225f14fac1708,1,fmt/473,,Microsoft Office Owner File,
135,2,file:/Users/Jane/Documents/UIUC/452/final-project/marijuanachallenge/%7E%24estion%20Presented.doc,/Users/Jane/Documents/UIUC/452/final-project/marijuanachallenge/~$estion Presented.doc,~$estion Presented.doc,Signature,Done,162,File,doc,2008-05-04T10:14:22,FALSE,e77fbe57caceb19b0dd40faac3da1fb4,1,fmt/473,,Microsoft Office Owner File,
136,2,file:/Users/Jane/Documents/UIUC/452/final-project/marijuanachallenge/%7E%24esumption%20of%20liberty%20note%201.doc,/Users/Jane/Documents/UIUC/452/final-project/marijuanachallenge/~$esumption of liberty note 1.doc,~$esumption of liberty note 1.doc,Signature,Done,162,File,doc,2007-11-22T09:05:58,FALSE,bb1e9a6c61e6c75dbf4422a8c0b75f8f,1,fmt/473,,Microsoft Office Owner File,
139,2,file:/Users/Jane/Documents/UIUC/452/final-project/marijuanachallenge/%7E%24hnJayInstructions.doc,/Users/Jane/Documents/UIUC/452/final-project/marijuanachallenge/~$hnJayInstructions.doc,~$hnJayInstructions.doc,Signature,Done,162,File,doc,2008-04-23T08:14:32,FALSE,5ee485e171aece1ea7105e2dd6813256,1,fmt/473,,Microsoft Office Owner File,
144,2,file:/Users/Jane/Documents/UIUC/452/final-project/marijuanachallenge/%7E%24il.amar.doc,/Users/Jane/Documents/UIUC/452/final-project/marijuanachallenge/~$il.amar.doc,~$il.amar.doc,Signature,Done,162,File,doc,2008-05-01T20:03:56,FALSE,c82ceb3178e3090d6ab7d07a3765ddb9,1,fmt/473,,Microsoft Office Owner File,
142,2,file:/Users/Jane/Documents/UIUC/452/final-project/marijuanachallenge/%7E%24le%2020%20-jury%20selection.doc,/Users/Jane/Documents/UIUC/452/final-project/marijuanachallenge/~$le 20 -jury selection.doc,~$le 20 -jury selection.doc,Signature,Done,162,File,doc,2008-04-29T06:10:32,FALSE,5ee485e171aece1ea7105e2dd6813256,1,fmt/473,,Microsoft Office Owner File,
147,2,file:/Users/Jane/Documents/UIUC/452/final-project/marijuanachallenge/%7E%24rter%20sjc.doc,/Users/Jane/Documents/UIUC/452/final-project/marijuanachallenge/~$rter sjc.doc,~$rter sjc.doc,Signature,Done,162,File,doc,2008-04-27T18:10:20,FALSE,5ee485e171aece1ea7105e2dd6813256,1,fmt/473,,Microsoft Office Owner File,
148,2,file:/Users/Jane/Documents/UIUC/452/final-project/marijuanachallenge/%7E%24rter-shaw-1945-comments.doc,/Users/Jane/Documents/UIUC/452/final-project/marijuanachallenge/~$rter-shaw-1945-comments.doc,~$rter-shaw-1945-comments.doc,Signature,Done,162,File,doc,2007-12-26T10:39:12,FALSE,5a7b054b5da42c765b3fb85a5224f1bb,1,fmt/473,,Microsoft Office Owner File,
150,2,file:/Users/Jane/Documents/UIUC/452/final-project/marijuanachallenge/%7E%24ry%20Nullification%20Faculty%20Workshop.doc,/Users/Jane/Documents/UIUC/452/final-project/marijuanachallenge/~$ry Nullification Faculty Workshop.doc,~$ry Nullification Faculty Workshop.doc,Signature,Done,162,File,doc,2008-06-01T11:38:28,FALSE,aae0f80074a030d1618a51ff66518a7f,1,fmt/473,,Microsoft Office Owner File,
152,2,file:/Users/Jane/Documents/UIUC/452/final-project/marijuanachallenge/%7E%24ss%20declaration%20of%20rights.doc,/Users/Jane/Documents/UIUC/452/final-project/marijuanachallenge/~$ss declaration of rights.doc,~$ss declaration of rights.doc,Signature,Done,162,File,doc,2007-11-24T22:48:10,FALSE,bb1e9a6c61e6c75dbf4422a8c0b75f8f,1,fmt/473,,Microsoft Office Owner File,
153,2,file:/Users/Jane/Documents/UIUC/452/final-project/marijuanachallenge/%7E%24stimony.doc,/Users/Jane/Documents/UIUC/452/final-project/marijuanachallenge/~$stimony.doc,~$stimony.doc,Signature,Done,162,File,doc,2008-05-04T13:30:54,FALSE,e77fbe57caceb19b0dd40faac3da1fb4,1,fmt/473,,Microsoft Office Owner File,
154,2,file:/Users/Jane/Documents/UIUC/452/final-project/marijuanachallenge/%7E%24strict%20Courts%20and%20Boston%20Municipal%20Court.doc,/Users/Jane/Documents/UIUC/452/final-project/marijuanachallenge/~$strict Courts and Boston Municipal Court.doc,~$strict Courts and Boston Municipal Court.doc,Signature,Done,162,File,doc,2007-12-03T07:25:22,FALSE,bb1e9a6c61e6c75dbf4422a8c0b75f8f,1,fmt/473,,Microsoft Office Owner File,
155,2,file:/Users/Jane/Documents/UIUC/452/final-project/marijuanachallenge/%7E%24thes-shaw.doc,/Users/Jane/Documents/UIUC/452/final-project/marijuanachallenge/~$thes-shaw.doc,~$thes-shaw.doc,Signature,Done,162,File,doc,2007-12-26T11:13:32,FALSE,5a7b054b5da42c765b3fb85a5224f1bb,1,fmt/473,,Microsoft Office Owner File,
160,2,file:/Users/Jane/Documents/UIUC/452/final-project/marijuanachallenge/%7EWRL0062.tmp,/Users/Jane/Documents/UIUC/452/final-project/marijuanachallenge/~WRL0062.tmp,~WRL0062.tmp,Container,Done,25600,File,tmp,2007-12-05T12:43:06,TRUE,0856d055aaf24ab363dbff95eaaf2ae8,1,fmt/40,application/msword,Microsoft Word Document,97-2003
158,2,file:/Users/Jane/Documents/UIUC/452/final-project/marijuanachallenge/%7EWRL0069.tmp,/Users/Jane/Documents/UIUC/452/final-project/marijuanachallenge/~WRL0069.tmp,~WRL0069.tmp,Container,Done,28672,File,tmp,2007-12-05T13:46:52,TRUE,2bd00c90ba19cc9deb0b278dfef88f4c,1,fmt/40,application/msword,Microsoft Word Document,97-2003
186,2,file:/Users/Jane/Documents/UIUC/452/final-project/marijuanachallenge/%7EWRL0125.tmp,/Users/Jane/Documents/UIUC/452/final-project/marijuanachallenge/~WRL0125.tmp,~WRL0125.tmp,Container,Done,55296,File,tmp,2008-04-24T13:42:00,TRUE,38aaed534a591d4240be5b886017494d,1,fmt/40,application/msword,Microsoft Word Document,97-2003
156,2,file:/Users/Jane/Documents/UIUC/452/final-project/marijuanachallenge/%7EWRL0167.tmp,/Users/Jane/Documents/UIUC/452/final-project/marijuanachallenge/~WRL0167.tmp,~WRL0167.tmp,Container,Done,28160,File,tmp,2008-05-08T12:05:32,TRUE,12dfcaa2132dd508699935624a8e3ed9,1,fmt/609,application/msword,Microsoft Word (Generic),6.0-2003
157,2,file:/Users/Jane/Documents/UIUC/452/final-project/marijuanachallenge/%7EWRL0183.tmp,/Users/Jane/Documents/UIUC/452/final-project/marijuanachallenge/~WRL0183.tmp,~WRL0183.tmp,Container,Done,33792,File,tmp,2008-03-20T08:35:02,TRUE,3af279cfc4121d135986b9a1937c27fa,1,fmt/40,application/msword,Microsoft Word Document,97-2003
161,2,file:/Users/Jane/Documents/UIUC/452/final-project/marijuanachallenge/%7EWRL0463.tmp,/Users/Jane/Documents/UIUC/452/final-project/marijuanachallenge/~WRL0463.tmp,~WRL0463.tmp,Container,Done,33792,File,tmp,2007-11-24T23:02:24,TRUE,0c5adefa19e99306447838fae6cca948,1,fmt/40,application/msword,Microsoft Word Document,97-2003
162,2,file:/Users/Jane/Documents/UIUC/452/final-project/marijuanachallenge/%7EWRL0594.tmp,/Users/Jane/Documents/UIUC/452/final-project/marijuanachallenge/~WRL0594.tmp,~WRL0594.tmp,Container,Done,25600,File,tmp,2007-11-24T22:08:32,TRUE,979d90beba1685cf627eba53aee8e2e9,1,fmt/40,application/msword,Microsoft Word Document,97-2003
163,2,file:/Users/Jane/Documents/UIUC/452/final-project/marijuanachallenge/%7EWRL0612.tmp,/Users/Jane/Documents/UIUC/452/final-project/marijuanachallenge/~WRL0612.tmp,~WRL0612.tmp,Container,Done,50688,File,tmp,2008-04-28T19:07:24,TRUE,8780103412b9bd3271a6dafb61bf7402,1,fmt/40,application/msword,Microsoft Word Document,97-2003
164,2,file:/Users/Jane/Documents/UIUC/452/final-project/marijuanachallenge/%7EWRL0661.tmp,/Users/Jane/Documents/UIUC/452/final-project/marijuanachallenge/~WRL0661.tmp,~WRL0661.tmp,Container,Done,32256,File,tmp,2008-03-06T11:25:58,TRUE,c833241ff7f2acb3a53aad39730aeb30,1,fmt/40,application/msword,Microsoft Word Document,97-2003
165,2,file:/Users/Jane/Documents/UIUC/452/final-project/marijuanachallenge/%7EWRL0678.tmp,/Users/Jane/Documents/UIUC/452/final-project/marijuanachallenge/~WRL0678.tmp,~WRL0678.tmp,Container,Done,57344,File,tmp,2008-04-25T09:41:14,TRUE,1365ddafae0f25288dd1c3c18ef8bb87,1,fmt/40,application/msword,Microsoft Word Document,97-2003
167,2,file:/Users/Jane/Documents/UIUC/452/final-project/marijuanachallenge/%7EWRL0971.tmp,/Users/Jane/Documents/UIUC/452/final-project/marijuanachallenge/~WRL0971.tmp,~WRL0971.tmp,Container,Done,49152,File,tmp,2008-05-01T20:11:16,TRUE,71c530c6a258ea27f672c1034efd5f07,1,fmt/40,application/msword,Microsoft Word Document,97-2003
168,2,file:/Users/Jane/Documents/UIUC/452/final-project/marijuanachallenge/%7EWRL1111.tmp,/Users/Jane/Documents/UIUC/452/final-project/marijuanachallenge/~WRL1111.tmp,~WRL1111.tmp,Container,Done,61440,File,tmp,2007-12-26T11:12:00,TRUE,47c8fce37485b7365e59f4d766e0c273,1,fmt/40,application/msword,Microsoft Word Document,97-2003
172,2,file:/Users/Jane/Documents/UIUC/452/final-project/marijuanachallenge/%7EWRL1181.tmp,/Users/Jane/Documents/UIUC/452/final-project/marijuanachallenge/~WRL1181.tmp,~WRL1181.tmp,Container,Done,668672,File,tmp,2008-06-08T10:19:30,TRUE,f41d4e44170377fa07783ba74db7f6a5,1,fmt/40,application/msword,Microsoft Word Document,97-2003
166,2,file:/Users/Jane/Documents/UIUC/452/final-project/marijuanachallenge/%7EWRL1208.tmp,/Users/Jane/Documents/UIUC/452/final-project/marijuanachallenge/~WRL1208.tmp,~WRL1208.tmp,Container,Done,27136,File,tmp,2007-12-05T13:00:08,TRUE,b35149faf0c98bbbd14ccf7f526701ca,1,fmt/40,application/msword,Microsoft Word Document,97-2003
170,2,file:/Users/Jane/Documents/UIUC/452/final-project/marijuanachallenge/%7EWRL1269.tmp,/Users/Jane/Documents/UIUC/452/final-project/marijuanachallenge/~WRL1269.tmp,~WRL1269.tmp,Container,Done,27648,File,tmp,2008-05-08T10:47:14,TRUE,bfd2be9da72e193d4fc0a70ab0643210,1,fmt/40,application/msword,Microsoft Word Document,97-2003
171,2,file:/Users/Jane/Documents/UIUC/452/final-project/marijuanachallenge/%7EWRL1415.tmp,/Users/Jane/Documents/UIUC/452/final-project/marijuanachallenge/~WRL1415.tmp,~WRL1415.tmp,Container,Done,65536,File,tmp,2008-04-28T10:58:04,TRUE,73e02b622fd460e7f326e59035bfa8c0,1,fmt/40,application/msword,Microsoft Word Document,97-2003
169,2,file:/Users/Jane/Documents/UIUC/452/final-project/marijuanachallenge/%7EWRL1528.tmp,/Users/Jane/Documents/UIUC/452/final-project/marijuanachallenge/~WRL1528.tmp,~WRL1528.tmp,Container,Done,32256,File,tmp,2008-03-20T07:07:42,TRUE,2dfdcdc0ab447fb66cdf90b507f70313,1,fmt/40,application/msword,Microsoft Word Document,97-2003
174,2,file:/Users/Jane/Documents/UIUC/452/final-project/marijuanachallenge/%7EWRL1583.tmp,/Users/Jane/Documents/UIUC/452/final-project/marijuanachallenge/~WRL1583.tmp,~WRL1583.tmp,Container,Done,55296,File,tmp,2008-04-24T18:57:38,TRUE,8cdbb2392fed9fd32fd9f102b8c77910,1,fmt/40,application/msword,Microsoft Word Document,97-2003
173,2,file:/Users/Jane/Documents/UIUC/452/final-project/marijuanachallenge/%7EWRL1608.tmp,/Users/Jane/Documents/UIUC/452/final-project/marijuanachallenge/~WRL1608.tmp,~WRL1608.tmp,Container,Done,60928,File,tmp,2007-12-26T11:12:12,TRUE,b59801de5422b15ffba38a7722a47675,1,fmt/40,application/msword,Microsoft Word Document,97-2003
175,2,file:/Users/Jane/Documents/UIUC/452/final-project/marijuanachallenge/%7EWRL1701.tmp,/Users/Jane/Documents/UIUC/452/final-project/marijuanachallenge/~WRL1701.tmp,~WRL1701.tmp,Container,Done,67584,File,tmp,2008-04-27T18:43:50,TRUE,20e964124c36abbffdf0f544c30e36e4,1,fmt/40,application/msword,Microsoft Word Document,97-2003
176,2,file:/Users/Jane/Documents/UIUC/452/final-project/marijuanachallenge/%7EWRL1702.tmp,/Users/Jane/Documents/UIUC/452/final-project/marijuanachallenge/~WRL1702.tmp,~WRL1702.tmp,Container,Done,49152,File,tmp,2008-04-28T19:59:40,TRUE,ed2632e28e9c95009653c05e778c7c1a,1,fmt/40,application/msword,Microsoft Word Document,97-2003
178,2,file:/Users/Jane/Documents/UIUC/452/final-project/marijuanachallenge/%7EWRL1722.tmp,/Users/Jane/Documents/UIUC/452/final-project/marijuanachallenge/~WRL1722.tmp,~WRL1722.tmp,Container,Done,33792,File,tmp,2008-03-20T11:37:28,TRUE,86708b20e9edb2d8944e6d4006e87e8a,1,fmt/40,application/msword,Microsoft Word Document,97-2003
177,2,file:/Users/Jane/Documents/UIUC/452/final-project/marijuanachallenge/%7EWRL1817.tmp,/Users/Jane/Documents/UIUC/452/final-project/marijuanachallenge/~WRL1817.tmp,~WRL1817.tmp,Container,Done,24064,File,tmp,2007-12-05T12:14:58,TRUE,249d639728b341b4ffba968f5f08dc41,1,fmt/40,application/msword,Microsoft Word Document,97-2003
179,2,file:/Users/Jane/Documents/UIUC/452/final-project/marijuanachallenge/%7EWRL1855.tmp,/Users/Jane/Documents/UIUC/452/final-project/marijuanachallenge/~WRL1855.tmp,~WRL1855.tmp,Container,Done,37888,File,tmp,2008-03-20T12:06:12,TRUE,4acd8eb2133b0222ecd7843837c7938a,1,fmt/40,application/msword,Microsoft Word Document,97-2003
180,2,file:/Users/Jane/Documents/UIUC/452/final-project/marijuanachallenge/%7EWRL1879.tmp,/Users/Jane/Documents/UIUC/452/final-project/marijuanachallenge/~WRL1879.tmp,~WRL1879.tmp,Container,Done,60928,File,tmp,2007-12-26T11:12:30,TRUE,ee6fd9ddce288d13b29ca55308bb33ba,1,fmt/40,application/msword,Microsoft Word Document,97-2003
213,2,file:/Users/Jane/Documents/UIUC/452/final-project/marijuanachallenge/%7EWRL1941.tmp,/Users/Jane/Documents/UIUC/452/final-project/marijuanachallenge/~WRL1941.tmp,~WRL1941.tmp,Container,Done,667648,File,tmp,2007-12-05T12:05:44,TRUE,b131faf2ff09050e4e41d70982c650b1,1,fmt/40,application/msword,Microsoft Word Document,97-2003
181,2,file:/Users/Jane/Documents/UIUC/452/final-project/marijuanachallenge/%7EWRL1953.tmp,/Users/Jane/Documents/UIUC/452/final-project/marijuanachallenge/~WRL1953.tmp,~WRL1953.tmp,Container,Done,52736,File,tmp,2008-04-28T17:59:40,TRUE,51ebd41c6788bc31f888661f6e040f51,1,fmt/40,application/msword,Microsoft Word Document,97-2003
182,2,file:/Users/Jane/Documents/UIUC/452/final-project/marijuanachallenge/%7EWRL1980.tmp,/Users/Jane/Documents/UIUC/452/final-project/marijuanachallenge/~WRL1980.tmp,~WRL1980.tmp,Container,Done,53760,File,tmp,2008-04-28T17:36:18,TRUE,8197d60f927871118bee03770eadb526,1,fmt/40,application/msword,Microsoft Word Document,97-2003
183,2,file:/Users/Jane/Documents/UIUC/452/final-project/marijuanachallenge/%7EWRL1981.tmp,/Users/Jane/Documents/UIUC/452/final-project/marijuanachallenge/~WRL1981.tmp,~WRL1981.tmp,Container,Done,67072,File,tmp,2008-04-28T10:55:02,TRUE,0848a90ba5985b8ebb1594b347aa24ee,1,fmt/40,application/msword,Microsoft Word Document,97-2003
185,2,file:/Users/Jane/Documents/UIUC/452/final-project/marijuanachallenge/%7EWRL1984.tmp,/Users/Jane/Documents/UIUC/452/final-project/marijuanachallenge/~WRL1984.tmp,~WRL1984.tmp,Container,Done,159232,File,tmp,2008-07-07T20:48:34,TRUE,fe3d40d3b282a36c8c1509faebb1cdcd,1,fmt/40,application/msword,Microsoft Word Document,97-2003
184,2,file:/Users/Jane/Documents/UIUC/452/final-project/marijuanachallenge/%7EWRL2031.tmp,/Users/Jane/Documents/UIUC/452/final-project/marijuanachallenge/~WRL2031.tmp,~WRL2031.tmp,Container,Done,58368,File,tmp,2007-12-03T08:03:24,TRUE,382aaa02a64872e1f5520d01bf1ff198,1,fmt/40,application/msword,Microsoft Word Document,97-2003
210,2,file:/Users/Jane/Documents/UIUC/452/final-project/marijuanachallenge/%7EWRL2116.tmp,/Users/Jane/Documents/UIUC/452/final-project/marijuanachallenge/~WRL2116.tmp,~WRL2116.tmp,Container,Done,102912,File,tmp,2007-12-05T11:26:06,TRUE,28d9be9e1ce5c59814f3d981638c5428,1,fmt/40,application/msword,Microsoft Word Document,97-2003
211,2,file:/Users/Jane/Documents/UIUC/452/final-project/marijuanachallenge/%7EWRL2260.tmp,/Users/Jane/Documents/UIUC/452/final-project/marijuanachallenge/~WRL2260.tmp,~WRL2260.tmp,Container,Done,28160,File,tmp,2008-05-08T12:01:54,TRUE,ae06ca6d0368f71cfa3af743ec6e09c3,1,fmt/40,application/msword,Microsoft Word Document,97-2003
187,2,file:/Users/Jane/Documents/UIUC/452/final-project/marijuanachallenge/%7EWRL2271.tmp,/Users/Jane/Documents/UIUC/452/final-project/marijuanachallenge/~WRL2271.tmp,~WRL2271.tmp,Container,Done,28160,File,tmp,2007-11-24T22:48:38,TRUE,faa14aa1b69859419daf1381cd5617a1,1,fmt/40,application/msword,Microsoft Word Document,97-2003
197,2,file:/Users/Jane/Documents/UIUC/452/final-project/marijuanachallenge/%7EWRL2302.tmp,/Users/Jane/Documents/UIUC/452/final-project/marijuanachallenge/~WRL2302.tmp,~WRL2302.tmp,Container,Done,33792,File,tmp,2008-03-20T11:24:46,TRUE,7d4f2022a5c3202b3dbff71e35fd8996,1,fmt/40,application/msword,Microsoft Word Document,97-2003
189,2,file:/Users/Jane/Documents/UIUC/452/final-project/marijuanachallenge/%7EWRL2361.tmp,/Users/Jane/Documents/UIUC/452/final-project/marijuanachallenge/~WRL2361.tmp,~WRL2361.tmp,Container,Done,32256,File,tmp,2008-03-20T06:59:46,TRUE,7d9f485c09f4890a6874852ff13f0b5f,1,fmt/40,application/msword,Microsoft Word Document,97-2003
188,2,file:/Users/Jane/Documents/UIUC/452/final-project/marijuanachallenge/%7EWRL2399.tmp,/Users/Jane/Documents/UIUC/452/final-project/marijuanachallenge/~WRL2399.tmp,~WRL2399.tmp,Container,Done,33280,File,tmp,2008-03-06T11:34:42,TRUE,9d12ab635eb89242ae0d050cc78a1d29,1,fmt/40,application/msword,Microsoft Word Document,97-2003
190,2,file:/Users/Jane/Documents/UIUC/452/final-project/marijuanachallenge/%7EWRL2403.tmp,/Users/Jane/Documents/UIUC/452/final-project/marijuanachallenge/~WRL2403.tmp,~WRL2403.tmp,Container,Done,66048,File,tmp,2008-04-28T16:52:12,TRUE,227d08b6d9bbc90c632e4a162d843892,1,fmt/40,application/msword,Microsoft Word Document,97-2003
192,2,file:/Users/Jane/Documents/UIUC/452/final-project/marijuanachallenge/%7EWRL2445.tmp,/Users/Jane/Documents/UIUC/452/final-project/marijuanachallenge/~WRL2445.tmp,~WRL2445.tmp,Container,Done,58368,File,tmp,2008-04-25T09:55:00,TRUE,96dcb47ff5eb005a9337607ae67df163,1,fmt/40,application/msword,Microsoft Word Document,97-2003
191,2,file:/Users/Jane/Documents/UIUC/452/final-project/marijuanachallenge/%7EWRL2658.tmp,/Users/Jane/Documents/UIUC/452/final-project/marijuanachallenge/~WRL2658.tmp,~WRL2658.tmp,Container,Done,47104,File,tmp,2008-04-23T15:13:06,TRUE,2c45f944f0928fd60129cce74ce425a3,1,fmt/40,application/msword,Microsoft Word Document,97-2003
205,2,file:/Users/Jane/Documents/UIUC/452/final-project/marijuanachallenge/%7EWRL2726.tmp,/Users/Jane/Documents/UIUC/452/final-project/marijuanachallenge/~WRL2726.tmp,~WRL2726.tmp,Container,Done,42496,File,tmp,2007-12-03T07:34:02,TRUE,4364bb738779599a838a4965dfecf68f,1,fmt/40,application/msword,Microsoft Word Document,97-2003
195,2,file:/Users/Jane/Documents/UIUC/452/final-project/marijuanachallenge/%7EWRL2841.tmp,/Users/Jane/Documents/UIUC/452/final-project/marijuanachallenge/~WRL2841.tmp,~WRL2841.tmp,Container,Done,58368,File,tmp,2008-04-26T07:20:10,TRUE,5d9582dcc669627e7b71a160311e413a,1,fmt/40,application/msword,Microsoft Word Document,97-2003
194,2,file:/Users/Jane/Documents/UIUC/452/final-project/marijuanachallenge/%7EWRL2944.tmp,/Users/Jane/Documents/UIUC/452/final-project/marijuanachallenge/~WRL2944.tmp,~WRL2944.tmp,Container,Done,49152,File,tmp,2008-04-30T09:17:58,TRUE,1d10da913223c0a015035a14046ed514,1,fmt/40,application/msword,Microsoft Word Document,97-2003
193,2,file:/Users/Jane/Documents/UIUC/452/final-project/marijuanachallenge/%7EWRL3015.tmp,/Users/Jane/Documents/UIUC/452/final-project/marijuanachallenge/~WRL3015.tmp,~WRL3015.tmp,Container,Done,33280,File,tmp,2008-03-20T11:48:38,TRUE,81357f857acaacf14d1d3853f034723f,1,fmt/40,application/msword,Microsoft Word Document,97-2003
196,2,file:/Users/Jane/Documents/UIUC/452/final-project/marijuanachallenge/%7EWRL3037.tmp,/Users/Jane/Documents/UIUC/452/final-project/marijuanachallenge/~WRL3037.tmp,~WRL3037.tmp,Container,Done,50688,File,tmp,2008-04-30T09:11:36,TRUE,0fe66d5e410e0d3f6fda96405b969b74,1,fmt/40,application/msword,Microsoft Word Document,97-2003
198,2,file:/Users/Jane/Documents/UIUC/452/final-project/marijuanachallenge/%7EWRL3086.tmp,/Users/Jane/Documents/UIUC/452/final-project/marijuanachallenge/~WRL3086.tmp,~WRL3086.tmp,Container,Done,57344,File,tmp,2008-04-25T09:34:24,TRUE,b5691d1aa9163ec757c405140ca95f43,1,fmt/40,application/msword,Microsoft Word Document,97-2003
212,2,file:/Users/Jane/Documents/UIUC/452/final-project/marijuanachallenge/%7EWRL3108.tmp,/Users/Jane/Documents/UIUC/452/final-project/marijuanachallenge/~WRL3108.tmp,~WRL3108.tmp,Container,Done,49664,File,tmp,2008-04-28T19:54:50,TRUE,4dc10cc3d433338a384f999734bc8330,1,fmt/40,application/msword,Microsoft Word Document,97-2003
199,2,file:/Users/Jane/Documents/UIUC/452/final-project/marijuanachallenge/%7EWRL3119.tmp,/Users/Jane/Documents/UIUC/452/final-project/marijuanachallenge/~WRL3119.tmp,~WRL3119.tmp,Container,Done,55296,File,tmp,2008-04-24T18:58:18,TRUE,c2b9e96181e0f9b744084575733fd4a2,1,fmt/40,application/msword,Microsoft Word Document,97-2003
200,2,file:/Users/Jane/Documents/UIUC/452/final-project/marijuanachallenge/%7EWRL3263.tmp,/Users/Jane/Documents/UIUC/452/final-project/marijuanachallenge/~WRL3263.tmp,~WRL3263.tmp,Container,Done,65536,File,tmp,2008-04-28T17:03:12,TRUE,f659e6e92e029bfd9d0e1c101380d9d7,1,fmt/40,application/msword,Microsoft Word Document,97-2003
201,2,file:/Users/Jane/Documents/UIUC/452/final-project/marijuanachallenge/%7EWRL3369.tmp,/Users/Jane/Documents/UIUC/452/final-project/marijuanachallenge/~WRL3369.tmp,~WRL3369.tmp,Container,Done,26112,File,tmp,2007-12-05T12:48:52,TRUE,5323477fdff0f8cdfe884af7cdaaf228,1,fmt/40,application/msword,Microsoft Word Document,97-2003
202,2,file:/Users/Jane/Documents/UIUC/452/final-project/marijuanachallenge/%7EWRL3418.tmp,/Users/Jane/Documents/UIUC/452/final-project/marijuanachallenge/~WRL3418.tmp,~WRL3418.tmp,Container,Done,115200,File,tmp,2008-08-02T11:47:16,TRUE,c4ae8ccfe4a0f044e189486355a8d1a1,1,fmt/40,application/msword,Microsoft Word Document,97-2003
203,2,file:/Users/Jane/Documents/UIUC/452/final-project/marijuanachallenge/%7EWRL3695.tmp,/Users/Jane/Documents/UIUC/452/final-project/marijuanachallenge/~WRL3695.tmp,~WRL3695.tmp,Container,Done,49664,File,tmp,2008-04-28T19:58:48,TRUE,569e2c3a81daa042c4a445c2ce6760c6,1,fmt/40,application/msword,Microsoft Word Document,97-2003
204,2,file:/Users/Jane/Documents/UIUC/452/final-project/marijuanachallenge/%7EWRL3728.tmp,/Users/Jane/Documents/UIUC/452/final-project/marijuanachallenge/~WRL3728.tmp,~WRL3728.tmp,Container,Done,48640,File,tmp,2007-12-03T07:25:22,TRUE,43e245fd7cdab6757e5223750637e342,1,fmt/40,application/msword,Microsoft Word Document,97-2003
206,2,file:/Users/Jane/Documents/UIUC/452/final-project/marijuanachallenge/%7EWRL3808.tmp,/Users/Jane/Documents/UIUC/452/final-project/marijuanachallenge/~WRL3808.tmp,~WRL3808.tmp,Container,Done,48128,File,tmp,2008-04-23T15:19:28,TRUE,269527dfbc87aa3e75627de63c4a7d7e,1,fmt/40,application/msword,Microsoft Word Document,97-2003
208,2,file:/Users/Jane/Documents/UIUC/452/final-project/marijuanachallenge/%7EWRL3925.tmp,/Users/Jane/Documents/UIUC/452/final-project/marijuanachallenge/~WRL3925.tmp,~WRL3925.tmp,Container,Done,55296,File,tmp,2008-04-24T18:44:32,TRUE,2decf92957de8ba8ee97496f02acf422,1,fmt/40,application/msword,Microsoft Word Document,97-2003
207,2,file:/Users/Jane/Documents/UIUC/452/final-project/marijuanachallenge/%7EWRL3973.tmp,/Users/Jane/Documents/UIUC/452/final-project/marijuanachallenge/~WRL3973.tmp,~WRL3973.tmp,Container,Done,27136,File,tmp,2007-12-05T13:19:06,TRUE,d406c51370a995490c434d8abc03c75e,1,fmt/40,application/msword,Microsoft Word Document,97-2003
209,2,file:/Users/Jane/Documents/UIUC/452/final-project/marijuanachallenge/%7EWRL4018.tmp,/Users/Jane/Documents/UIUC/452/final-project/marijuanachallenge/~WRL4018.tmp,~WRL4018.tmp,Container,Done,40960,File,tmp,2008-05-03T12:09:02,TRUE,d7017250fc5c9f22ef40fe1ffa2a2b1d,1,fmt/40,application/msword,Microsoft Word Document,97-2003